Workbook

Sheet FORECAST
E1: Ultima actualización | F1: 46122
A3: Salones | B3: Desde | C3: Hasta | D3: Estado | E3: Organizacion | F3: Descripción | G3: Room Rental | H3: N° de Asistentes
A4: LAS SIERRAS | B4: 46018.375 | C4: 46021.75 | D4: Garantizado | E4: Pretemporada | F4: Club Atlético Belgrano | H4: 40
A5: La Pampa ,LAS SIERRAS | B5: 46022.375 | C5: 46023.75 | D5: Garantizado | F5: Quinto Centenario Hotel | H5: 80
A6: La Pampa ,LAS SIERRAS | B6: 46022.375 | C6: 46023.75 | D6: Garantizado | F6: Quinto Centenario Hotel | H6: 80
A7: SALA A | B7: 46018 | C7: 46018 | D7: Garantizado | F7: INTENSITY SHOES S.R.L. | H7: 25
A8: LAS SIERRAS | B8: 46018 | C8: 46021 | D8: Garantizado | E8: Pretemporada | F8: Club Atlético Belgrano | H8: 40
A9: LUGONES A ,LUGONES B ,LUGONES C | B9: 46019 | C9: 46020 | D9: Garantizado | E9: MEETING DE LA EMPRESA | F9: Royal Prestige | H9: 750
A10: La Pampa ,LAS SIERRAS | B10: 46022 | C10: 46023 | D10: Garantizado | F10: Quinto Centenario Hotel | H10: 80
A11: YACANTO A y B ,YACANTO C | B11: 46025 | C11: 46028 | D11: Garantizado | E11: Pretemporada | F11: Club Atlético Belgrano | H11: 40
A12: LAS SIERRAS | B12: 46029 | C12: 46032 | D12: Garantizado | E12: Pretemporada | F12: Club Atlético Belgrano | H12: 40
A13: URITORCO A ,URITORCO B | B13: 46030 | C13: 46030 | D13: Garantizado | E13: Quinceañeras | F13: MAGIC DREAMS S.R.L | H13: 20
A14: Piscina | B14: 46031 | C14: 46031 | D14: Garantizado | E14: SUNSET FASHION & ART | F14: Nestor Moio | H14: 150
A15: SALA A | B15: 46037 | C15: 46037 | D15: Garantizado | F15: Joint Group SA | H15: 20
A16: SALA A | B16: 46042 | C16: 46043 | D16: Garantizado | F16: Puerta 7 SA | H16: 10
A17: CHAMPAQUI A | B17: 46044 | C17: 46044 | D17: Garantizado | E17: BELGRANO- Conferencia presentación refuerzos | F17: Club Atlético Belgrano | H17: 40
A18: Piscina ,LOBBY BAR | B18: 46045 | C18: 46045 | D18: Garantizado | E18: Sunset Fashion & Art | F18: Nestor Moio | H18: 100
A19: CHAMPAQUI A | B19: 46048 | C19: 46049 | D19: Garantizado | E19: Conferencia de prensa del Club Atlético Belgrano | F19: Club Atlético Belgrano | H19: 60
A20: YACANTO A y B ,YACANTO C | B20: 46050 | C20: 46051 | D20: Garantizado | E20: Belgrano Vs Tigre | F20: Club Atlético Belgrano | H20: 30
A21: SALA A | B21: 46053 | C21: 46053 | D21: Garantizado | E21: Taller de creación de perfumes PLANEANDO | F21: Planeando | H21: 10
A22: SALA D | B22: 46056 | C22: 46058 | D22: Garantizado | E22: Reunión _x000D_ Solicitada por MS | F22: Franco Emora
A23: La Pampa | B23: 46057 | C23: 46057 | D23: Presupuesto | E23: Festejo de cumpleaños asociados Diciembre 2025 | F23: Quinto Centenario Hotel | H23: 6
A24: SALA B | B24: 46058 | C24: 46058 | D24: Tentativo | E24: Entrevistas | F24: CAMARA DE COMERCIO DE LOS ESTADOS UNIDOS DE AMERIC | H24: 3
A25: YACANTO A y B ,YACANTO C | B25: 46059 | C25: 46060 | D25: Garantizado | E25: Belgrano vs Banfield | F25: Club Atlético Belgrano | H25: 30
A26: La Pampa | B26: 46064 | C26: 46064 | D26: Garantizado | E26: Festejo de cumpleaños asociados Enero 2026_x000D_ MERIENDA | F26: Quinto Centenario Hotel | H26: 10
A27: LAS SIERRAS | B27: 46065 | C27: 46065 | D27: Garantizado | E27: Cena | F27: Cámara de Industriales Metalúrgicos y Componentes | H27: 20
A28: CHAMPAQUI A ,CHAMPAQUI B | B28: 46065 | C28: 46065 | D28: Garantizado | E28: Conferencia | F28: Leonardo Villegas | G28: 563 | H28: 200
A29: YACANTO A y B ,YACANTO C ,CHAMPAQUI A ,CHAMPAQUI B | B29: 46066 | C29: 46067 | D29: Garantizado | F29: Gimnasia y Esgrima de Mendoza | H29: 42
A30: LAS SIERRAS | B30: 46067 | C30: 46067 | D30: Garantizado | E30: Dia de los enamorados | F30: Quinto Centenario Hotel | H30: 20
A31: Espejo de Agua | B31: 46067 | C31: 46067 | D31: Garantizado | E31: Día de los Enamorados (Espejo de agua) | F31: Quinto Centenario Hotel | H31: 20
A32: CHAMPAQUI A ,CHAMPAQUI B | B32: 46068 | C32: 46068 | D32: Garantizado | E32: Sesión Holisitica Diana Romano | F32: DWS S.A.S. | G32: 0 | H32: 180
A33: LAS SIERRAS | B33: 46072 | C33: 46072 | D33: Garantizado | E33: Cena Protocolar | F33: Skal Internacional | H33: 30
A34: YACANTO A y B ,YACANTO C ,URITORCO A ,URITORCO B | B34: 46076 | C34: 46077 | D34: Garantizado | E34: Belgrano vs Atletico Tucumán | F34: Club Atlético Belgrano | H34: 30
A35: SALA A | B35: 46079 | C35: 46080 | D35: Garantizado | F35: Julian Haynes | H35: 20
A36: URITORCO A ,URITORCO B | B36: 46079 | C36: 46079 | D36: Garantizado | F36: CAMARA ARGENTINA DE LA MICRO, PEQUEÑA Y MEDIANA EM | H36: 25
A37: YACANTO A y B ,YACANTO C | B37: 46080 | C37: 46084 | D37: Garantizado | E37: Comidas_x000D_ Cena 27/02_x000D_ Cena 28/02_x000D_ Cena 02/03_x000D_ Almuerzo 03/03 | F37: Colombia Basket | H37: 33
A38: CHAMPAQUI A ,CHAMPAQUI B ,YACANTO A y B ,YACANTO C ,SUQUIA A ,SUQUIA B ,URITORCO A ,URITORCO B | B38: 46080 | C38: 46081 | D38: Garantizado | F38: Club Atlético San Lorenzo de Almagro | H38: 47
A39: YACANTO A y B ,YACANTO C | B39: 46080 | C39: 46080 | D39: Garantizado | E39: Presentación +Cocktail | F39: Weldon Agency | G39: 400 | H39: 100
A40: LAS SIERRAS | B40: 46084 | C40: 46085 | D40: Garantizado | F40: TRANSPORTADORA DE GAS DEL NORTE S A | G40: 105 | H40: 15
A41: SALA A | B41: 46085 | C41: 46085 | D41: Garantizado | F41: NOVARTIS ARGENTINA S A | H41: 15
A42: SUQUIA B | B42: 46086 | C42: 46087 | D42: Garantizado | E42: LABOTARIO BETA | F42: LABORATORIO BETA | H42: 15
A43: SALA A | B43: 46087 | C43: 46087 | D43: Garantizado | E43: TALLER DE PERFUMES | F43: INTENSITY SHOES S.R.L. | H43: 17
A44: SAN JAVIER | B44: 46087 | C44: 46087 | D44: Garantizado | E44: CELEBRACIÓN DÍA DE LA MUJER | F44: SADE Sociedad de Escritores de Córdoba | H44: 30
A45: LUGONES A ,LUGONES B ,LUGONES C ,CHAMPAQUI A ,CHAMPAQUI B ,TERRAZA ,SUQUIA A ,SUQUIA B ,URITORCO A ,URITORCO B ,SAN JAVIER | B45: 46088 | C45: 46092 | D45: Garantizado | E45: Convención de Ventas 2026 | F45: ARCOR S A I C | H45: 200
A46: LAS SIERRAS | B46: 46091 | C46: 46093 | D46: Garantizado | E46: Desayuno | F46: Quinto Centenario Hotel
A47: SALA A | B47: 46091 | C47: 46091 | D47: Garantizado | E47: VER | F47: Nuevocentro | H47: 20
A48: SALA B | B48: 46092 | C48: 46092 | D48: Tentativo | F48: SOCIEDAD ARGENTINA DE ESCRITORES CORDOBA - SADE CO | H48: 7
A49: SUQUIA A ,SUQUIA B | B49: 46093 | C49: 46093 | D49: Garantizado | F49: CAMARA DE COMERCIO DE LOS ESTADOS UNIDOS DE AMERIC | H49: 20
A50: URITORCO A ,URITORCO B | B50: 46093 | C50: 46093 | D50: Garantizado | F50: ARCOR S A I C | H50: 30
A51: SALA A | B51: 46093 | C51: 46093 | D51: Garantizado | E51: Presentación objetivos 2026 | F51: Quinto Centenario Hotel | H51: 8
A52: SALA B | B52: 46093 | C52: 46093 | D52: Garantizado | E52: REUNIÓN MARTIN COLAZO | F52: Colazzo Martin | H52: 3
A53: La Pampa | B53: 46094 | C53: 46094 | D53: Presupuesto | E53: Festejo de cumpleaños asociados Febrero 2026 | F53: Quinto Centenario Hotel | H53: 9
A54: YACANTO A y B ,YACANTO C | B54: 46095 | C54: 46096 | D54: Garantizado | E54: Belgrano vs Talleres | F54: Club Atlético Belgrano | H54: 30
A55: SALA B | B55: 46097 | C55: 46098 | D55: Garantizado | E55: Decathlon- Entrevistas | F55: DEPORSUR S.A. | H55: 5
A56: FOYER URITORCO ,FOYER SUQUIA | B56: 46097 | C56: 46097 | D56: Tentativo | E56: ORACLE | F56: JEMERSOFT S.A.S | H56: 25
A57: LUGONES A ,LUGONES B ,LUGONES C ,CHAMPAQUI A ,CHAMPAQUI B ,URITORCO A ,URITORCO B ,SUQUIA A ,SUQUIA B | B57: 46098 | C57: 46100 | D57: Garantizado | E57: NPlay | F57: GRUPO CONVERGENCIA SA | G57: 20000 | H57: 600
A58: SALA A | B58: 46098 | C58: 46098 | D58: Garantizado | E58: CAPACITACIÓN | F58: Quinto Centenario Hotel | H58: 12
A59: Piscina | B59: 46099 | C59: 46100 | D59: Presupuesto | E59: After | F59: DISTECNA.COM S.A | H59: 40
A60: YACANTO A y B ,YACANTO C | B60: 46099 | C60: 46099 | D60: Garantizado | E60: Cena | F60: Minilent | H60: 40
A61: SALA A | B61: 46099 | C61: 46099 | D61: Garantizado | E61: CAPACITACIÓN | F61: Quinto Centenario Hotel | H61: 13
A62: FOYER LUGONES | B62: 46099 | C62: 46099 | D62: Garantizado | E62: Descorche y empanadas | F62: GRUPO CONVERGENCIA SA | H62: 300
A63: YACANTO A y B ,YACANTO C | B63: 46100 | C63: 46100 | D63: Presupuesto | E63: Assesment CAPACITACIÓN | F63: YARA ARGENTINA | H63: 26
A64: SALA A | B64: 46100 | C64: 46100 | D64: Presupuesto | E64: CAPACITACIÓN VISMA_x000D_ 1er Módulo Grupo Gerentes | F64: Quinto Centenario Hotel | H64: 8
A65: SALA A | B65: 46100 | C65: 46100 | D65: Garantizado | E65: CAPACITACIÓN RRHH VISMA | F65: Quinto Centenario Hotel | H65: 10
A66: SALA A | B66: 46100 | C66: 46100 | D66: Garantizado | F66: SADE Sociedad de Escritores de Córdoba | H66: 10
A67: YACANTO A y B ,YACANTO C | B67: 46101 | C67: 46102 | D67: Garantizado | E67: Belgrano vs Racing | F67: Club Atlético Belgrano | H67: 30
A68: SUQUIA A ,SUQUIA B | B68: 46101 | C68: 46104 | D68: Garantizado | E68: OAXALA | F68: OAXALA | G68: 0
A69: SALA A | B69: 46101 | C69: 46101 | D69: Garantizado | E69: CAPACITACIÓN RRHH- SISTEMA VISMA | F69: Quinto Centenario Hotel | H69: 10
B70: 46101 | C70: 46102 | D70: Garantizado | E70: CAPACITACIÓN RRHH SISTEMA VISMA | F70: Quinto Centenario Hotel | H70: 13
A71: SALA A | B71: 46102 | C71: 46102 | D71: Garantizado | F71: SADE Sociedad de Escritores de Córdoba | H71: 10
A72: LAS SIERRAS | B72: 46102 | C72: 46102 | D72: Garantizado | E72: Cena para 15 pasajeros del grupo | F72: OXALA | H72: 15
A73: LUGONES A ,LUGONES B ,LUGONES C ,FOYER LUGONES ,URITORCO A | B73: 46104 | C73: 46104 | D73: Garantizado | E73: MEETING ROYAL PRESTIGE | F73: HYCITE BA SRL | G73: 1403 | H73: 500
A74: SALA A | B74: 46104 | C74: 46104 | D74: Garantizado | E74: CAPACITACIÓN RRHH- SISTEMA VISMA | F74: Quinto Centenario Hotel | H74: 13
B75: 46104 | C75: 46106 | D75: Garantizado | E75: ACCIÓN DE PASCUAS QC | F75: Quinto Centenario Hotel | H75: 8
A76: LUGONES A ,LUGONES B ,LUGONES C ,FOYER LUGONES ,TERRAZA ,YACANTO A y B ,YACANTO C ,URITORCO A ,URITORCO B ,SALA B ,SAN JAVIER | B76: 46105 | C76: 46108 | D76: Garantizado | E76: Congreso SACO | F76: SOCIEDAD ARGENTINA DE CIRUGIA DE LA OBESIDAD | G76: 20840 | H76: 450
B77: 46105 | C77: 46105 | D77: Garantizado | E77: Desayuno | F77: Quinto Centenario Hotel
A78: LAS SIERRAS | B78: 46105 | C78: 46105 | D78: Garantizado | F78: Consolid SRL | H78: 50
A79: CHAMPAQUI A ,CHAMPAQUI B ,SALA A ,URITORCO A ,URITORCO B | B79: 46106 | C79: 46106 | D79: Garantizado | E79: Lorenzetti | F79: Fundacion Mediterranea | H79: 200
A80: SALA A | B80: 46106 | C80: 46106 | D80: Garantizado | E80: CAPACITACIÓN RRHH- MODULO VISMA | F80: Quinto Centenario Hotel | H80: 19
A81: SALA B | B81: 46106 | C81: 46107 | D81: Garantizado | E81: SADE | F81: SADE Sociedad de Escritores de Córdoba | H81: 8
A82: SUQUIA A ,SUQUIA B | B82: 46107 | C82: 46107 | D82: Presupuesto | E82: PResentación | F82: Halo Estudio | H82: 40
A83: LAS SIERRAS | B83: 46107 | C83: 46107 | D83: Garantizado | E83: ARMADO DE HUEVOS DE PASCUAS | F83: Quinto Centenario Hotel | H83: 8
A84: SALA A | B84: 46107 | C84: 46107 | D84: Tentativo | E84: RECURSOS HUMANOS | F84: Quinto Centenario Hotel | H84: 6
A85: SALA D | B85: 46107 | C85: 46107 | D85: Tentativo | F85: Pia Romero (Alvarez) | H85: 4
A86: SUQUIA A ,SUQUIA B ,SALA A | B86: 46107 | C86: 46107 | D86: Presupuesto | E86: *Fecha tentativa*Evento SCOPE- SERVIER | F86: Inmotion Productora | H86: 20
A87: CHAMPAQUI A ,CHAMPAQUI B | B87: 46108 | C87: 46110 | D87: Garantizado | F87: Puro Pilates | G87: 12000 | H87: 70
A88: LUGONES A ,LUGONES B ,LUGONES C ,TERRAZA | B88: 46109 | C88: 46109 | D88: Tentativo | F88: Leonardo Villegas | H88: 800
A89: LAS SIERRAS | B89: 46109 | C89: 46109 | D89: Garantizado | F89: Palacios Elizabeth | H89: 20
A90: YACANTO A y B ,YACANTO C | B90: 46111 | C90: 46112 | D90: Presupuesto | E90: CAPACITACIÓN + WORKSHOP ROLSOL | F90: ROLSOL | H90: 20
A91: SALA A | B91: 46111 | C91: 46111 | D91: Presupuesto | E91: CAPACITACIÓN RRHH- 1er MODULO VISMA | F91: Quinto Centenario Hotel | H91: 19
A92: LAS SIERRAS | B92: 46114 | C92: 46117 | D92: Tentativo | E92: Te de pascuas | F92: Quinto Centenario Hotel | H92: 50
B93: 46114 | C93: 46117 | D93: Garantizado | E93: RITUAL RE NACER- EXPERIENCIA DE BIENESTAR | F93: Quinto Centenario Hotel
B94: 46115 | C94: 46115 | D94: Garantizado | E94: MASTER CLASS ROSCA DE PASCUAS | F94: Quinto Centenario Hotel
B95: 46116 | C95: 46116 | D95: Garantizado | E95: MASTER CLASS ROSCA DE PASCUAS | F95: Quinto Centenario Hotel
B96: 46117 | C96: 46117 | D96: Garantizado | E96: ALMUERZO DOMINGO DE PASCUAS | F96: Quinto Centenario Hotel
A97: CHAMPAQUI A ,CHAMPAQUI B | B97: 46119 | C97: 46119 | D97: Garantizado | F97: COLEGIO DE ESCRIBANOS DE LA PROVINCIA DE CORDOBA | G97: 1200 | H97: 70
A98: SUQUIA A ,SUQUIA B | B98: 46119 | C98: 46119 | D98: Presupuesto | E98: EVENTO YPF - YPF GAS_x000D_ | F98: YPF S.A. | H98: 50
A99: LAS SIERRAS | B99: 46119 | C99: 46119 | D99: Garantizado | E99: SITE INSPECTION | F99: Fiexpo | H99: 8
A100: LUGONES A ,LUGONES B ,LUGONES C | B100: 46120 | C100: 46120 | D100: Garantizado | F100: CIRCUITO GASTRONOMICO SRL | H100: 350
A101: CHAMPAQUI A ,CHAMPAQUI B ,YACANTO A y B ,YACANTO C ,LAS SIERRAS | B101: 46120 | C101: 46120 | D101: Garantizado | F101: ARCOR S A I C | G101: 0 | H101: 200
...

Sheet PLANNING 2026
O2: Referencias
P3: CONFIRMADO
P4: TENTATIVO
P5: PRESUPUESTO
P6: Fines de semana
P7: Feriados
P8: Mundial
C11: JU | D11: VI | E11: SA | F11: DO | G11: LU | H11: MA | I11: MI | J11: JU | K11: VI | L11: SA | M11: DO | N11: LU | O11: MA | P11: MI | Q11: JU | R11: VI | S11: SÁ. | T11: DO. | U11: LU. | V11: MA. | W11: MI. | X11: JU. | Y11: VI. | Z11: SÁ. | AA11: DO. | AB11: LU. | AC11: MA. | AD11: MI. | AE11: JU. | AF11: VI. | AG11: SÁ.
C12: 46023 | D12: 46024 | E12: 46025 | F12: 46026 | G12: 46027 | H12: 46028 | I12: 46029 | J12: 46030 | K12: 46031 | L12: 46032 | M12: 46033 | N12: 46034 | O12: 46035 | P12: 46036 | Q12: 46037 | R12: 46038 | S12: 46039 | T12: 46040 | U12: 46041 | V12: 46042 | W12: 46043 | X12: 46044 | Y12: 46045 | Z12: 46046 | AA12: 46047 | AB12: 46048 | AC12: 46049 | AD12: 46050 | AE12: 46051 | AF12: 46052 | AG12: 46053 | AJ12: Ocupación
A13: ENERO | B13: LUGONES | C13: {=IFERROR(INDEX(FORECAST!$D$3:$D$475, MATCH(1, INDEX((ISNUMBER(SEARCH($B13, FORECAST!$A$3:$A$475))) * (INT(FORECAST!$B$3:$B$475) <= C$12) * (INT(FORECAST!$C$3:$C$475) >= C$12), 0), 0)), "")} | D13: {=IFERROR(INDEX(FORECAST!$D$3:$D$475, MATCH(1, INDEX((ISNUMBER(SEARCH($B13, FORECAST!$A$3:$A$475))) * (INT(FORECAST!$B$3:$B$475) <= D$12) * (INT(FORECAST!$C$3:$C$475) >= D$12), 0), 0)), "")} | E13: {=IFERROR(INDEX(FORECAST!$D$3:$D$475, MATCH(1, INDEX((ISNUMBER(SEARCH($B13, FORECAST!$A$3:$A$475))) * (INT(FORECAST!$B$3:$B$475) <= E$12) * (INT(FORECAST!$C$3:$C$475) >= E$12), 0), 0)), "")} | F13: {=IFERROR(INDEX(FORECAST!$D$3:$D$475, MATCH(1, INDEX((ISNUMBER(SEARCH($B13, FORECAST!$A$3:$A$475))) * (INT(FORECAST!$B$3:$B$475) <= F$12) * (INT(FORECAST!$C$3:$C$475) >= F$12), 0), 0)), "")} | G13: {=IFERROR(INDEX(FORECAST!$D$3:$D$475, MATCH(1, INDEX((ISNUMBER(SEARCH($B13, FORECAST!$A$3:$A$475))) * (INT(FORECAST!$B$3:$B$475) <= G$12) * (INT(FORECAST!$C$3:$C$475) >= G$12), 0), 0)), "")} | H13: {=IFERROR(INDEX(FORECAST!$D$3:$D$475, MATCH(1, INDEX((ISNUMBER(SEARCH($B13, FORECAST!$A$3:$A$475))) * (INT(FORECAST!$B$3:$B$475) <= H$12) * (INT(FORECAST!$C$3:$C$475) >= H$12), 0), 0)), "")} | I13: {=IFERROR(INDEX(FORECAST!$D$3:$D$475, MATCH(1, INDEX((ISNUMBER(SEARCH($B13, FORECAST!$A$3:$A$475))) * (INT(FORECAST!$B$3:$B$475) <= I$12) * (INT(FORECAST!$C$3:$C$475) >= I$12), 0), 0)), "")} | J13: {=IFERROR(INDEX(FORECAST!$D$3:$D$475, MATCH(1, INDEX((ISNUMBER(SEARCH($B13, FORECAST!$A$3:$A$475))) * (INT(FORECAST!$B$3:$B$475) <= J$12) * (INT(FORECAST!$C$3:$C$475) >= J$12), 0), 0)), "")} | ... AG13: {=IFERROR(INDEX(FORECAST!$D$3:$D$475, MATCH(1, INDEX((ISNUMBER(SEARCH($B13, FORECAST!$A$3:$A$475))) * (INT(FORECAST!$B$3:$B$475) <= AG$12) * (INT(FORECAST!$C$3:$C$475) >= AG$12), 0), 0)), "")} | AJ13: =COUNTIF(C13:AG13,"Garantizado")/31 -> 0
B14: CHAMPAQUI | C14: {=IFERROR(INDEX(FORECAST!$D$3:$D$475, MATCH(1, INDEX((ISNUMBER(SEARCH($B14, FORECAST!$A$3:$A$475))) * (INT(FORECAST!$B$3:$B$475) <= C$12) * (INT(FORECAST!$C$3:$C$475) >= C$12), 0), 0)), "")} | D14: {=IFERROR(INDEX(FORECAST!$D$3:$D$475, MATCH(1, INDEX((ISNUMBER(SEARCH($B14, FORECAST!$A$3:$A$475))) * (INT(FORECAST!$B$3:$B$475) <= D$12) * (INT(FORECAST!$C$3:$C$475) >= D$12), 0), 0)), "")} | E14: {=IFERROR(INDEX(FORECAST!$D$3:$D$475, MATCH(1, INDEX((ISNUMBER(SEARCH($B14, FORECAST!$A$3:$A$475))) * (INT(FORECAST!$B$3:$B$475) <= E$12) * (INT(FORECAST!$C$3:$C$475) >= E$12), 0), 0)), "")} | F14: {=IFERROR(INDEX(FORECAST!$D$3:$D$475, MATCH(1, INDEX((ISNUMBER(SEARCH($B14, FORECAST!$A$3:$A$475))) * (INT(FORECAST!$B$3:$B$475) <= F$12) * (INT(FORECAST!$C$3:$C$475) >= F$12), 0), 0)), "")} | G14: {=IFERROR(INDEX(FORECAST!$D$3:$D$475, MATCH(1, INDEX((ISNUMBER(SEARCH($B14, FORECAST!$A$3:$A$475))) * (INT(FORECAST!$B$3:$B$475) <= G$12) * (INT(FORECAST!$C$3:$C$475) >= G$12), 0), 0)), "")} | H14: {=IFERROR(INDEX(FORECAST!$D$3:$D$475, MATCH(1, INDEX((ISNUMBER(SEARCH($B14, FORECAST!$A$3:$A$475))) * (INT(FORECAST!$B$3:$B$475) <= H$12) * (INT(FORECAST!$C$3:$C$475) >= H$12), 0), 0)), "")} | I14: {=IFERROR(INDEX(FORECAST!$D$3:$D$475, MATCH(1, INDEX((ISNUMBER(SEARCH($B14, FORECAST!$A$3:$A$475))) * (INT(FORECAST!$B$3:$B$475) <= I$12) * (INT(FORECAST!$C$3:$C$475) >= I$12), 0), 0)), "")} | J14: {=IFERROR(INDEX(FORECAST!$D$3:$D$475, MATCH(1, INDEX((ISNUMBER(SEARCH($B14, FORECAST!$A$3:$A$475))) * (INT(FORECAST!$B$3:$B$475) <= J$12) * (INT(FORECAST!$C$3:$C$475) >= J$12), 0), 0)), "")} | ... AG14: {=IFERROR(INDEX(FORECAST!$D$3:$D$475, MATCH(1, INDEX((ISNUMBER(SEARCH($B14, FORECAST!$A$3:$A$475))) * (INT(FORECAST!$B$3:$B$475) <= AG$12) * (INT(FORECAST!$C$3:$C$475) >= AG$12), 0), 0)), "")} | AJ14: =COUNTIF(C14:AG14,"Garantizado")/31 -> 0.096774194 | AL14: Ocupación Mensual Total
B15: TERRAZA | C15: {=IFERROR(INDEX(FORECAST!$D$3:$D$475, MATCH(1, INDEX((ISNUMBER(SEARCH($B15, FORECAST!$A$3:$A$475))) * (INT(FORECAST!$B$3:$B$475) <= C$12) * (INT(FORECAST!$C$3:$C$475) >= C$12), 0), 0)), "")} | D15: {=IFERROR(INDEX(FORECAST!$D$3:$D$475, MATCH(1, INDEX((ISNUMBER(SEARCH($B15, FORECAST!$A$3:$A$475))) * (INT(FORECAST!$B$3:$B$475) <= D$12) * (INT(FORECAST!$C$3:$C$475) >= D$12), 0), 0)), "")} | E15: {=IFERROR(INDEX(FORECAST!$D$3:$D$475, MATCH(1, INDEX((ISNUMBER(SEARCH($B15, FORECAST!$A$3:$A$475))) * (INT(FORECAST!$B$3:$B$475) <= E$12) * (INT(FORECAST!$C$3:$C$475) >= E$12), 0), 0)), "")} | F15: {=IFERROR(INDEX(FORECAST!$D$3:$D$475, MATCH(1, INDEX((ISNUMBER(SEARCH($B15, FORECAST!$A$3:$A$475))) * (INT(FORECAST!$B$3:$B$475) <= F$12) * (INT(FORECAST!$C$3:$C$475) >= F$12), 0), 0)), "")} | G15: {=IFERROR(INDEX(FORECAST!$D$3:$D$475, MATCH(1, INDEX((ISNUMBER(SEARCH($B15, FORECAST!$A$3:$A$475))) * (INT(FORECAST!$B$3:$B$475) <= G$12) * (INT(FORECAST!$C$3:$C$475) >= G$12), 0), 0)), "")} | H15: {=IFERROR(INDEX(FORECAST!$D$3:$D$475, MATCH(1, INDEX((ISNUMBER(SEARCH($B15, FORECAST!$A$3:$A$475))) * (INT(FORECAST!$B$3:$B$475) <= H$12) * (INT(FORECAST!$C$3:$C$475) >= H$12), 0), 0)), "")} | I15: {=IFERROR(INDEX(FORECAST!$D$3:$D$475, MATCH(1, INDEX((ISNUMBER(SEARCH($B15, FORECAST!$A$3:$A$475))) * (INT(FORECAST!$B$3:$B$475) <= I$12) * (INT(FORECAST!$C$3:$C$475) >= I$12), 0), 0)), "")} | J15: {=IFERROR(INDEX(FORECAST!$D$3:$D$475, MATCH(1, INDEX((ISNUMBER(SEARCH($B15, FORECAST!$A$3:$A$475))) * (INT(FORECAST!$B$3:$B$475) <= J$12) * (INT(FORECAST!$C$3:$C$475) >= J$12), 0), 0)), "")} | ... AG15: {=IFERROR(INDEX(FORECAST!$D$3:$D$475, MATCH(1, INDEX((ISNUMBER(SEARCH($B15, FORECAST!$A$3:$A$475))) * (INT(FORECAST!$B$3:$B$475) <= AG$12) * (INT(FORECAST!$C$3:$C$475) >= AG$12), 0), 0)), "")} | AJ15: =COUNTIF(C15:AG15,"Garantizado")/31 -> 0 | AL15: =COUNTIF('PLANNING 2026'!C13:AG19,"Garantizado")/COUNTA('PLANNING 2026'!C13:AG19) -> 0.069124424
B16: URITORCO | C16: {=IFERROR(INDEX(FORECAST!$D$3:$D$475, MATCH(1, INDEX((ISNUMBER(SEARCH($B16, FORECAST!$A$3:$A$475))) * (INT(FORECAST!$B$3:$B$475) <= C$12) * (INT(FORECAST!$C$3:$C$475) >= C$12), 0), 0)), "")} | D16: {=IFERROR(INDEX(FORECAST!$D$3:$D$475, MATCH(1, INDEX((ISNUMBER(SEARCH($B16, FORECAST!$A$3:$A$475))) * (INT(FORECAST!$B$3:$B$475) <= D$12) * (INT(FORECAST!$C$3:$C$475) >= D$12), 0), 0)), "")} | E16: {=IFERROR(INDEX(FORECAST!$D$3:$D$475, MATCH(1, INDEX((ISNUMBER(SEARCH($B16, FORECAST!$A$3:$A$475))) * (INT(FORECAST!$B$3:$B$475) <= E$12) * (INT(FORECAST!$C$3:$C$475) >= E$12), 0), 0)), "")} | F16: {=IFERROR(INDEX(FORECAST!$D$3:$D$475, MATCH(1, INDEX((ISNUMBER(SEARCH($B16, FORECAST!$A$3:$A$475))) * (INT(FORECAST!$B$3:$B$475) <= F$12) * (INT(FORECAST!$C$3:$C$475) >= F$12), 0), 0)), "")} | G16: {=IFERROR(INDEX(FORECAST!$D$3:$D$475, MATCH(1, INDEX((ISNUMBER(SEARCH($B16, FORECAST!$A$3:$A$475))) * (INT(FORECAST!$B$3:$B$475) <= G$12) * (INT(FORECAST!$C$3:$C$475) >= G$12), 0), 0)), "")} | H16: {=IFERROR(INDEX(FORECAST!$D$3:$D$475, MATCH(1, INDEX((ISNUMBER(SEARCH($B16, FORECAST!$A$3:$A$475))) * (INT(FORECAST!$B$3:$B$475) <= H$12) * (INT(FORECAST!$C$3:$C$475) >= H$12), 0), 0)), "")} | I16: {=IFERROR(INDEX(FORECAST!$D$3:$D$475, MATCH(1, INDEX((ISNUMBER(SEARCH($B16, FORECAST!$A$3:$A$475))) * (INT(FORECAST!$B$3:$B$475) <= I$12) * (INT(FORECAST!$C$3:$C$475) >= I$12), 0), 0)), "")} | J16: {=IFERROR(INDEX(FORECAST!$D$3:$D$475, MATCH(1, INDEX((ISNUMBER(SEARCH($B16, FORECAST!$A$3:$A$475))) * (INT(FORECAST!$B$3:$B$475) <= J$12) * (INT(FORECAST!$C$3:$C$475) >= J$12), 0), 0)), "")} -> Garantizado | ... AG16: {=IFERROR(INDEX(FORECAST!$D$3:$D$475, MATCH(1, INDEX((ISNUMBER(SEARCH($B16, FORECAST!$A$3:$A$475))) * (INT(FORECAST!$B$3:$B$475) <= AG$12) * (INT(FORECAST!$C$3:$C$475) >= AG$12), 0), 0)), "")} | AJ16: =COUNTIF(C16:AG16,"Garantizado")/31 -> 0.032258065
B17: SUQUIA | C17: {=IFERROR(INDEX(FORECAST!$D$3:$D$475, MATCH(1, INDEX((ISNUMBER(SEARCH($B17, FORECAST!$A$3:$A$475))) * (INT(FORECAST!$B$3:$B$475) <= C$12) * (INT(FORECAST!$C$3:$C$475) >= C$12), 0), 0)), "")} | D17: {=IFERROR(INDEX(FORECAST!$D$3:$D$475, MATCH(1, INDEX((ISNUMBER(SEARCH($B17, FORECAST!$A$3:$A$475))) * (INT(FORECAST!$B$3:$B$475) <= D$12) * (INT(FORECAST!$C$3:$C$475) >= D$12), 0), 0)), "")} | E17: {=IFERROR(INDEX(FORECAST!$D$3:$D$475, MATCH(1, INDEX((ISNUMBER(SEARCH($B17, FORECAST!$A$3:$A$475))) * (INT(FORECAST!$B$3:$B$475) <= E$12) * (INT(FORECAST!$C$3:$C$475) >= E$12), 0), 0)), "")} | F17: {=IFERROR(INDEX(FORECAST!$D$3:$D$475, MATCH(1, INDEX((ISNUMBER(SEARCH($B17, FORECAST!$A$3:$A$475))) * (INT(FORECAST!$B$3:$B$475) <= F$12) * (INT(FORECAST!$C$3:$C$475) >= F$12), 0), 0)), "")} | G17: {=IFERROR(INDEX(FORECAST!$D$3:$D$475, MATCH(1, INDEX((ISNUMBER(SEARCH($B17, FORECAST!$A$3:$A$475))) * (INT(FORECAST!$B$3:$B$475) <= G$12) * (INT(FORECAST!$C$3:$C$475) >= G$12), 0), 0)), "")} | H17: {=IFERROR(INDEX(FORECAST!$D$3:$D$475, MATCH(1, INDEX((ISNUMBER(SEARCH($B17, FORECAST!$A$3:$A$475))) * (INT(FORECAST!$B$3:$B$475) <= H$12) * (INT(FORECAST!$C$3:$C$475) >= H$12), 0), 0)), "")} | I17: {=IFERROR(INDEX(FORECAST!$D$3:$D$475, MATCH(1, INDEX((ISNUMBER(SEARCH($B17, FORECAST!$A$3:$A$475))) * (INT(FORECAST!$B$3:$B$475) <= I$12) * (INT(FORECAST!$C$3:$C$475) >= I$12), 0), 0)), "")} | J17: {=IFERROR(INDEX(FORECAST!$D$3:$D$475, MATCH(1, INDEX((ISNUMBER(SEARCH($B17, FORECAST!$A$3:$A$475))) * (INT(FORECAST!$B$3:$B$475) <= J$12) * (INT(FORECAST!$C$3:$C$475) >= J$12), 0), 0)), "")} | ... AG17: {=IFERROR(INDEX(FORECAST!$D$3:$D$475, MATCH(1, INDEX((ISNUMBER(SEARCH($B17, FORECAST!$A$3:$A$475))) * (INT(FORECAST!$B$3:$B$475) <= AG$12) * (INT(FORECAST!$C$3:$C$475) >= AG$12), 0), 0)), "")} | AJ17: =COUNTIF(C17:AG17,"Garantizado")/31 -> 0
B18: YACANTO | C18: {=IFERROR(INDEX(FORECAST!$D$3:$D$475, MATCH(1, INDEX((ISNUMBER(SEARCH($B18, FORECAST!$A$3:$A$475))) * (INT(FORECAST!$B$3:$B$475) <= C$12) * (INT(FORECAST!$C$3:$C$475) >= C$12), 0), 0)), "")} | D18: {=IFERROR(INDEX(FORECAST!$D$3:$D$475, MATCH(1, INDEX((ISNUMBER(SEARCH($B18, FORECAST!$A$3:$A$475))) * (INT(FORECAST!$B$3:$B$475) <= D$12) * (INT(FORECAST!$C$3:$C$475) >= D$12), 0), 0)), "")} | E18: {=IFERROR(INDEX(FORECAST!$D$3:$D$475, MATCH(1, INDEX((ISNUMBER(SEARCH($B18, FORECAST!$A$3:$A$475))) * (INT(FORECAST!$B$3:$B$475) <= E$12) * (INT(FORECAST!$C$3:$C$475) >= E$12), 0), 0)), "")} -> Garantizado | F18: {=IFERROR(INDEX(FORECAST!$D$3:$D$475, MATCH(1, INDEX((ISNUMBER(SEARCH($B18, FORECAST!$A$3:$A$475))) * (INT(FORECAST!$B$3:$B$475) <= F$12) * (INT(FORECAST!$C$3:$C$475) >= F$12), 0), 0)), "")} -> Garantizado | G18: {=IFERROR(INDEX(FORECAST!$D$3:$D$475, MATCH(1, INDEX((ISNUMBER(SEARCH($B18, FORECAST!$A$3:$A$475))) * (INT(FORECAST!$B$3:$B$475) <= G$12) * (INT(FORECAST!$C$3:$C$475) >= G$12), 0), 0)), "")} -> Garantizado | H18: {=IFERROR(INDEX(FORECAST!$D$3:$D$475, MATCH(1, INDEX((ISNUMBER(SEARCH($B18, FORECAST!$A$3:$A$475))) * (INT(FORECAST!$B$3:$B$475) <= H$12) * (INT(FORECAST!$C$3:$C$475) >= H$12), 0), 0)), "")} -> Garantizado | I18: {=IFERROR(INDEX(FORECAST!$D$3:$D$475, MATCH(1, INDEX((ISNUMBER(SEARCH($B18, FORECAST!$A$3:$A$475))) * (INT(FORECAST!$B$3:$B$475) <= I$12) * (INT(FORECAST!$C$3:$C$475) >= I$12), 0), 0)), "")} | J18: {=IFERROR(INDEX(FORECAST!$D$3:$D$475, MATCH(1, INDEX((ISNUMBER(SEARCH($B18, FORECAST!$A$3:$A$475))) * (INT(FORECAST!$B$3:$B$475) <= J$12) * (INT(FORECAST!$C$3:$C$475) >= J$12), 0), 0)), "")} | ... AG18: {=IFERROR(INDEX(FORECAST!$D$3:$D$475, MATCH(1, INDEX((ISNUMBER(SEARCH($B18, FORECAST!$A$3:$A$475))) * (INT(FORECAST!$B$3:$B$475) <= AG$12) * (INT(FORECAST!$C$3:$C$475) >= AG$12), 0), 0)), "")} | AJ18: =COUNTIF(C18:AG18,"Garantizado")/31 -> 0.19354839
B19: LAS SIERRAS | C19: {=IFERROR(INDEX(FORECAST!$D$3:$D$475, MATCH(1, INDEX((ISNUMBER(SEARCH($B19, FORECAST!$A$3:$A$475))) * (INT(FORECAST!$B$3:$B$475) <= C$12) * (INT(FORECAST!$C$3:$C$475) >= C$12), 0), 0)), "")} -> Garantizado | D19: {=IFERROR(INDEX(FORECAST!$D$3:$D$475, MATCH(1, INDEX((ISNUMBER(SEARCH($B19, FORECAST!$A$3:$A$475))) * (INT(FORECAST!$B$3:$B$475) <= D$12) * (INT(FORECAST!$C$3:$C$475) >= D$12), 0), 0)), "")} | E19: {=IFERROR(INDEX(FORECAST!$D$3:$D$475, MATCH(1, INDEX((ISNUMBER(SEARCH($B19, FORECAST!$A$3:$A$475))) * (INT(FORECAST!$B$3:$B$475) <= E$12) * (INT(FORECAST!$C$3:$C$475) >= E$12), 0), 0)), "")} | F19: {=IFERROR(INDEX(FORECAST!$D$3:$D$475, MATCH(1, INDEX((ISNUMBER(SEARCH($B19, FORECAST!$A$3:$A$475))) * (INT(FORECAST!$B$3:$B$475) <= F$12) * (INT(FORECAST!$C$3:$C$475) >= F$12), 0), 0)), "")} | G19: {=IFERROR(INDEX(FORECAST!$D$3:$D$475, MATCH(1, INDEX((ISNUMBER(SEARCH($B19, FORECAST!$A$3:$A$475))) * (INT(FORECAST!$B$3:$B$475) <= G$12) * (INT(FORECAST!$C$3:$C$475) >= G$12), 0), 0)), "")} | H19: {=IFERROR(INDEX(FORECAST!$D$3:$D$475, MATCH(1, INDEX((ISNUMBER(SEARCH($B19, FORECAST!$A$3:$A$475))) * (INT(FORECAST!$B$3:$B$475) <= H$12) * (INT(FORECAST!$C$3:$C$475) >= H$12), 0), 0)), "")} | I19: {=IFERROR(INDEX(FORECAST!$D$3:$D$475, MATCH(1, INDEX((ISNUMBER(SEARCH($B19, FORECAST!$A$3:$A$475))) * (INT(FORECAST!$B$3:$B$475) <= I$12) * (INT(FORECAST!$C$3:$C$475) >= I$12), 0), 0)), "")} -> Garantizado | J19: {=IFERROR(INDEX(FORECAST!$D$3:$D$475, MATCH(1, INDEX((ISNUMBER(SEARCH($B19, FORECAST!$A$3:$A$475))) * (INT(FORECAST!$B$3:$B$475) <= J$12) * (INT(FORECAST!$C$3:$C$475) >= J$12), 0), 0)), "")} -> Garantizado | ... AG19: {=IFERROR(INDEX(FORECAST!$D$3:$D$475, MATCH(1, INDEX((ISNUMBER(SEARCH($B19, FORECAST!$A$3:$A$475))) * (INT(FORECAST!$B$3:$B$475) <= AG$12) * (INT(FORECAST!$C$3:$C$475) >= AG$12), 0), 0)), "")} | AJ19: =COUNTIF(C19:AG19,"Garantizado")/31 -> 0.16129032
B20: SAN JAVIER | C20: {=IFERROR(INDEX(FORECAST!$D$3:$D$475, MATCH(1, INDEX((ISNUMBER(SEARCH($B20, FORECAST!$A$3:$A$475))) * (INT(FORECAST!$B$3:$B$475) <= C$12) * (INT(FORECAST!$C$3:$C$475) >= C$12), 0), 0)), "")} | D20: {=IFERROR(INDEX(FORECAST!$D$3:$D$475, MATCH(1, INDEX((ISNUMBER(SEARCH($B20, FORECAST!$A$3:$A$475))) * (INT(FORECAST!$B$3:$B$475) <= D$12) * (INT(FORECAST!$C$3:$C$475) >= D$12), 0), 0)), "")} | E20: {=IFERROR(INDEX(FORECAST!$D$3:$D$475, MATCH(1, INDEX((ISNUMBER(SEARCH($B20, FORECAST!$A$3:$A$475))) * (INT(FORECAST!$B$3:$B$475) <= E$12) * (INT(FORECAST!$C$3:$C$475) >= E$12), 0), 0)), "")} | F20: {=IFERROR(INDEX(FORECAST!$D$3:$D$475, MATCH(1, INDEX((ISNUMBER(SEARCH($B20, FORECAST!$A$3:$A$475))) * (INT(FORECAST!$B$3:$B$475) <= F$12) * (INT(FORECAST!$C$3:$C$475) >= F$12), 0), 0)), "")} | G20: {=IFERROR(INDEX(FORECAST!$D$3:$D$475, MATCH(1, INDEX((ISNUMBER(SEARCH($B20, FORECAST!$A$3:$A$475))) * (INT(FORECAST!$B$3:$B$475) <= G$12) * (INT(FORECAST!$C$3:$C$475) >= G$12), 0), 0)), "")} | H20: {=IFERROR(INDEX(FORECAST!$D$3:$D$475, MATCH(1, INDEX((ISNUMBER(SEARCH($B20, FORECAST!$A$3:$A$475))) * (INT(FORECAST!$B$3:$B$475) <= H$12) * (INT(FORECAST!$C$3:$C$475) >= H$12), 0), 0)), "")} | I20: {=IFERROR(INDEX(FORECAST!$D$3:$D$475, MATCH(1, INDEX((ISNUMBER(SEARCH($B20, FORECAST!$A$3:$A$475))) * (INT(FORECAST!$B$3:$B$475) <= I$12) * (INT(FORECAST!$C$3:$C$475) >= I$12), 0), 0)), "")} | J20: {=IFERROR(INDEX(FORECAST!$D$3:$D$475, MATCH(1, INDEX((ISNUMBER(SEARCH($B20, FORECAST!$A$3:$A$475))) * (INT(FORECAST!$B$3:$B$475) <= J$12) * (INT(FORECAST!$C$3:$C$475) >= J$12), 0), 0)), "")} | ... AG20: {=IFERROR(INDEX(FORECAST!$D$3:$D$475, MATCH(1, INDEX((ISNUMBER(SEARCH($B20, FORECAST!$A$3:$A$475))) * (INT(FORECAST!$B$3:$B$475) <= AG$12) * (INT(FORECAST!$C$3:$C$475) >= AG$12), 0), 0)), "")} | AJ20: =COUNTIF(C20:AG20,"Garantizado")/31 -> 0
C22: DO | D22: LU | E22: MA | F22: MI | G22: JU | H22: VI | I22: SA | J22: DO | K22: LU | L22: MA | M22: MI | N22: JU | O22: VI | P22: SA | Q22: DO | R22: LU | S22: MA | T22: MI | U22: JU | V22: VI | W22: SÁ. | X22: DO. | Y22: LU. | Z22: MA. | AA22: MI. | AB22: JU. | AC22: VI. | AD22: SÁ.
C23: 46054 | D23: 46055 | E23: 46056 | F23: 46057 | G23: 46058 | H23: 46059 | I23: 46060 | J23: 46061 | K23: 46062 | L23: 46063 | M23: 46064 | N23: 46065 | O23: 46066 | P23: 46067 | Q23: 46068 | R23: 46069 | S23: 46070 | T23: 46071 | U23: 46072 | V23: 46073 | W23: 46074 | X23: 46075 | Y23: 46076 | Z23: 46077 | AA23: 46078 | AB23: 46079 | AC23: 46080 | AD23: 46081 | AJ23: Ocupación
A24: FEBRERO | B24: LUGONES | C24: {=IFERROR(INDEX(FORECAST!$D$3:$D$475, MATCH(1, INDEX((ISNUMBER(SEARCH($B24, FORECAST!$A$3:$A$475))) * (INT(FORECAST!$B$3:$B$475) <= C$23) * (INT(FORECAST!$C$3:$C$475) >= C$23), 0), 0)), "")} | D24: {=IFERROR(INDEX(FORECAST!$D$3:$D$475, MATCH(1, INDEX((ISNUMBER(SEARCH($B24, FORECAST!$A$3:$A$475))) * (INT(FORECAST!$B$3:$B$475) <= D$23) * (INT(FORECAST!$C$3:$C$475) >= D$23), 0), 0)), "")} | E24: {=IFERROR(INDEX(FORECAST!$D$3:$D$475, MATCH(1, INDEX((ISNUMBER(SEARCH($B24, FORECAST!$A$3:$A$475))) * (INT(FORECAST!$B$3:$B$475) <= E$23) * (INT(FORECAST!$C$3:$C$475) >= E$23), 0), 0)), "")} | F24: {=IFERROR(INDEX(FORECAST!$D$3:$D$475, MATCH(1, INDEX((ISNUMBER(SEARCH($B24, FORECAST!$A$3:$A$475))) * (INT(FORECAST!$B$3:$B$475) <= F$23) * (INT(FORECAST!$C$3:$C$475) >= F$23), 0), 0)), "")} | G24: {=IFERROR(INDEX(FORECAST!$D$3:$D$475, MATCH(1, INDEX((ISNUMBER(SEARCH($B24, FORECAST!$A$3:$A$475))) * (INT(FORECAST!$B$3:$B$475) <= G$23) * (INT(FORECAST!$C$3:$C$475) >= G$23), 0), 0)), "")} | H24: {=IFERROR(INDEX(FORECAST!$D$3:$D$475, MATCH(1, INDEX((ISNUMBER(SEARCH($B24, FORECAST!$A$3:$A$475))) * (INT(FORECAST!$B$3:$B$475) <= H$23) * (INT(FORECAST!$C$3:$C$475) >= H$23), 0), 0)), "")} | I24: {=IFERROR(INDEX(FORECAST!$D$3:$D$475, MATCH(1, INDEX((ISNUMBER(SEARCH($B24, FORECAST!$A$3:$A$475))) * (INT(FORECAST!$B$3:$B$475) <= I$23) * (INT(FORECAST!$C$3:$C$475) >= I$23), 0), 0)), "")} | J24: {=IFERROR(INDEX(FORECAST!$D$3:$D$475, MATCH(1, INDEX((ISNUMBER(SEARCH($B24, FORECAST!$A$3:$A$475))) * (INT(FORECAST!$B$3:$B$475) <= J$23) * (INT(FORECAST!$C$3:$C$475) >= J$23), 0), 0)), "")} | ... AD24: {=IFERROR(INDEX(FORECAST!$D$3:$D$475, MATCH(1, INDEX((ISNUMBER(SEARCH($B24, FORECAST!$A$3:$A$475))) * (INT(FORECAST!$B$3:$B$475) <= AD$23) * (INT(FORECAST!$C$3:$C$475) >= AD$23), 0), 0)), "")} | AJ24: =COUNTIF(C24:AD24,"Garantizado")/28 -> 0
B25: CHAMPAQUI | C25: {=IFERROR(INDEX(FORECAST!$D$3:$D$475, MATCH(1, INDEX((ISNUMBER(SEARCH($B25, FORECAST!$A$3:$A$475))) * (INT(FORECAST!$B$3:$B$475) <= C$23) * (INT(FORECAST!$C$3:$C$475) >= C$23), 0), 0)), "")} | D25: {=IFERROR(INDEX(FORECAST!$D$3:$D$475, MATCH(1, INDEX((ISNUMBER(SEARCH($B25, FORECAST!$A$3:$A$475))) * (INT(FORECAST!$B$3:$B$475) <= D$23) * (INT(FORECAST!$C$3:$C$475) >= D$23), 0), 0)), "")} | E25: {=IFERROR(INDEX(FORECAST!$D$3:$D$475, MATCH(1, INDEX((ISNUMBER(SEARCH($B25, FORECAST!$A$3:$A$475))) * (INT(FORECAST!$B$3:$B$475) <= E$23) * (INT(FORECAST!$C$3:$C$475) >= E$23), 0), 0)), "")} | F25: {=IFERROR(INDEX(FORECAST!$D$3:$D$475, MATCH(1, INDEX((ISNUMBER(SEARCH($B25, FORECAST!$A$3:$A$475))) * (INT(FORECAST!$B$3:$B$475) <= F$23) * (INT(FORECAST!$C$3:$C$475) >= F$23), 0), 0)), "")} | G25: {=IFERROR(INDEX(FORECAST!$D$3:$D$475, MATCH(1, INDEX((ISNUMBER(SEARCH($B25, FORECAST!$A$3:$A$475))) * (INT(FORECAST!$B$3:$B$475) <= G$23) * (INT(FORECAST!$C$3:$C$475) >= G$23), 0), 0)), "")} | H25: {=IFERROR(INDEX(FORECAST!$D$3:$D$475, MATCH(1, INDEX((ISNUMBER(SEARCH($B25, FORECAST!$A$3:$A$475))) * (INT(FORECAST!$B$3:$B$475) <= H$23) * (INT(FORECAST!$C$3:$C$475) >= H$23), 0), 0)), "")} | I25: {=IFERROR(INDEX(FORECAST!$D$3:$D$475, MATCH(1, INDEX((ISNUMBER(SEARCH($B25, FORECAST!$A$3:$A$475))) * (INT(FORECAST!$B$3:$B$475) <= I$23) * (INT(FORECAST!$C$3:$C$475) >= I$23), 0), 0)), "")} | J25: {=IFERROR(INDEX(FORECAST!$D$3:$D$475, MATCH(1, INDEX((ISNUMBER(SEARCH($B25, FORECAST!$A$3:$A$475))) * (INT(FORECAST!$B$3:$B$475) <= J$23) * (INT(FORECAST!$C$3:$C$475) >= J$23), 0), 0)), "")} | ... AD25: {=IFERROR(INDEX(FORECAST!$D$3:$D$475, MATCH(1, INDEX((ISNUMBER(SEARCH($B25, FORECAST!$A$3:$A$475))) * (INT(FORECAST!$B$3:$B$475) <= AD$23) * (INT(FORECAST!$C$3:$C$475) >= AD$23), 0), 0)), "")} -> Garantizado | AJ25: =COUNTIF(C25:AD25,"Garantizado")/28 -> 0.21428571
B26: TERRAZA | C26: {=IFERROR(INDEX(FORECAST!$D$3:$D$475, MATCH(1, INDEX((ISNUMBER(SEARCH($B26, FORECAST!$A$3:$A$475))) * (INT(FORECAST!$B$3:$B$475) <= C$23) * (INT(FORECAST!$C$3:$C$475) >= C$23), 0), 0)), "")} | D26: {=IFERROR(INDEX(FORECAST!$D$3:$D$475, MATCH(1, INDEX((ISNUMBER(SEARCH($B26, FORECAST!$A$3:$A$475))) * (INT(FORECAST!$B$3:$B$475) <= D$23) * (INT(FORECAST!$C$3:$C$475) >= D$23), 0), 0)), "")} | E26: {=IFERROR(INDEX(FORECAST!$D$3:$D$475, MATCH(1, INDEX((ISNUMBER(SEARCH($B26, FORECAST!$A$3:$A$475))) * (INT(FORECAST!$B$3:$B$475) <= E$23) * (INT(FORECAST!$C$3:$C$475) >= E$23), 0), 0)), "")} | F26: {=IFERROR(INDEX(FORECAST!$D$3:$D$475, MATCH(1, INDEX((ISNUMBER(SEARCH($B26, FORECAST!$A$3:$A$475))) * (INT(FORECAST!$B$3:$B$475) <= F$23) * (INT(FORECAST!$C$3:$C$475) >= F$23), 0), 0)), "")} | G26: {=IFERROR(INDEX(FORECAST!$D$3:$D$475, MATCH(1, INDEX((ISNUMBER(SEARCH($B26, FORECAST!$A$3:$A$475))) * (INT(FORECAST!$B$3:$B$475) <= G$23) * (INT(FORECAST!$C$3:$C$475) >= G$23), 0), 0)), "")} | H26: {=IFERROR(INDEX(FORECAST!$D$3:$D$475, MATCH(1, INDEX((ISNUMBER(SEARCH($B26, FORECAST!$A$3:$A$475))) * (INT(FORECAST!$B$3:$B$475) <= H$23) * (INT(FORECAST!$C$3:$C$475) >= H$23), 0), 0)), "")} | I26: {=IFERROR(INDEX(FORECAST!$D$3:$D$475, MATCH(1, INDEX((ISNUMBER(SEARCH($B26, FORECAST!$A$3:$A$475))) * (INT(FORECAST!$B$3:$B$475) <= I$23) * (INT(FORECAST!$C$3:$C$475) >= I$23), 0), 0)), "")} | J26: {=IFERROR(INDEX(FORECAST!$D$3:$D$475, MATCH(1, INDEX((ISNUMBER(SEARCH($B26, FORECAST!$A$3:$A$475))) * (INT(FORECAST!$B$3:$B$475) <= J$23) * (INT(FORECAST!$C$3:$C$475) >= J$23), 0), 0)), "")} | ... AD26: {=IFERROR(INDEX(FORECAST!$D$3:$D$475, MATCH(1, INDEX((ISNUMBER(SEARCH($B26, FORECAST!$A$3:$A$475))) * (INT(FORECAST!$B$3:$B$475) <= AD$23) * (INT(FORECAST!$C$3:$C$475) >= AD$23), 0), 0)), "")} | AJ26: =COUNTIF(C26:AD26,"Garantizado")/28 -> 0 | AL26: Ocupación Mensual Total
B27: URITORCO | C27: {=IFERROR(INDEX(FORECAST!$D$3:$D$475, MATCH(1, INDEX((ISNUMBER(SEARCH($B27, FORECAST!$A$3:$A$475))) * (INT(FORECAST!$B$3:$B$475) <= C$23) * (INT(FORECAST!$C$3:$C$475) >= C$23), 0), 0)), "")} | D27: {=IFERROR(INDEX(FORECAST!$D$3:$D$475, MATCH(1, INDEX((ISNUMBER(SEARCH($B27, FORECAST!$A$3:$A$475))) * (INT(FORECAST!$B$3:$B$475) <= D$23) * (INT(FORECAST!$C$3:$C$475) >= D$23), 0), 0)), "")} | E27: {=IFERROR(INDEX(FORECAST!$D$3:$D$475, MATCH(1, INDEX((ISNUMBER(SEARCH($B27, FORECAST!$A$3:$A$475))) * (INT(FORECAST!$B$3:$B$475) <= E$23) * (INT(FORECAST!$C$3:$C$475) >= E$23), 0), 0)), "")} | F27: {=IFERROR(INDEX(FORECAST!$D$3:$D$475, MATCH(1, INDEX((ISNUMBER(SEARCH($B27, FORECAST!$A$3:$A$475))) * (INT(FORECAST!$B$3:$B$475) <= F$23) * (INT(FORECAST!$C$3:$C$475) >= F$23), 0), 0)), "")} | G27: {=IFERROR(INDEX(FORECAST!$D$3:$D$475, MATCH(1, INDEX((ISNUMBER(SEARCH($B27, FORECAST!$A$3:$A$475))) * (INT(FORECAST!$B$3:$B$475) <= G$23) * (INT(FORECAST!$C$3:$C$475) >= G$23), 0), 0)), "")} | H27: {=IFERROR(INDEX(FORECAST!$D$3:$D$475, MATCH(1, INDEX((ISNUMBER(SEARCH($B27, FORECAST!$A$3:$A$475))) * (INT(FORECAST!$B$3:$B$475) <= H$23) * (INT(FORECAST!$C$3:$C$475) >= H$23), 0), 0)), "")} | I27: {=IFERROR(INDEX(FORECAST!$D$3:$D$475, MATCH(1, INDEX((ISNUMBER(SEARCH($B27, FORECAST!$A$3:$A$475))) * (INT(FORECAST!$B$3:$B$475) <= I$23) * (INT(FORECAST!$C$3:$C$475) >= I$23), 0), 0)), "")} | J27: {=IFERROR(INDEX(FORECAST!$D$3:$D$475, MATCH(1, INDEX((ISNUMBER(SEARCH($B27, FORECAST!$A$3:$A$475))) * (INT(FORECAST!$B$3:$B$475) <= J$23) * (INT(FORECAST!$C$3:$C$475) >= J$23), 0), 0)), "")} | ... AD27: {=IFERROR(INDEX(FORECAST!$D$3:$D$475, MATCH(1, INDEX((ISNUMBER(SEARCH($B27, FORECAST!$A$3:$A$475))) * (INT(FORECAST!$B$3:$B$475) <= AD$23) * (INT(FORECAST!$C$3:$C$475) >= AD$23), 0), 0)), "")} -> Garantizado | AJ27: =COUNTIF(C27:AD27,"Garantizado")/28 -> 0.17857143 | AL27: =COUNTIF(C24:AD30,"Garantizado")/COUNTA(C24:AD30) -> 0.12244898
B28: SUQUIA | C28: {=IFERROR(INDEX(FORECAST!$D$3:$D$475, MATCH(1, INDEX((ISNUMBER(SEARCH($B28, FORECAST!$A$3:$A$475))) * (INT(FORECAST!$B$3:$B$475) <= C$23) * (INT(FORECAST!$C$3:$C$475) >= C$23), 0), 0)), "")} | D28: {=IFERROR(INDEX(FORECAST!$D$3:$D$475, MATCH(1, INDEX((ISNUMBER(SEARCH($B28, FORECAST!$A$3:$A$475))) * (INT(FORECAST!$B$3:$B$475) <= D$23) * (INT(FORECAST!$C$3:$C$475) >= D$23), 0), 0)), "")} | E28: {=IFERROR(INDEX(FORECAST!$D$3:$D$475, MATCH(1, INDEX((ISNUMBER(SEARCH($B28, FORECAST!$A$3:$A$475))) * (INT(FORECAST!$B$3:$B$475) <= E$23) * (INT(FORECAST!$C$3:$C$475) >= E$23), 0), 0)), "")} | F28: {=IFERROR(INDEX(FORECAST!$D$3:$D$475, MATCH(1, INDEX((ISNUMBER(SEARCH($B28, FORECAST!$A$3:$A$475))) * (INT(FORECAST!$B$3:$B$475) <= F$23) * (INT(FORECAST!$C$3:$C$475) >= F$23), 0), 0)), "")} | G28: {=IFERROR(INDEX(FORECAST!$D$3:$D$475, MATCH(1, INDEX((ISNUMBER(SEARCH($B28, FORECAST!$A$3:$A$475))) * (INT(FORECAST!$B$3:$B$475) <= G$23) * (INT(FORECAST!$C$3:$C$475) >= G$23), 0), 0)), "")} | H28: {=IFERROR(INDEX(FORECAST!$D$3:$D$475, MATCH(1, INDEX((ISNUMBER(SEARCH($B28, FORECAST!$A$3:$A$475))) * (INT(FORECAST!$B$3:$B$475) <= H$23) * (INT(FORECAST!$C$3:$C$475) >= H$23), 0), 0)), "")} | I28: {=IFERROR(INDEX(FORECAST!$D$3:$D$475, MATCH(1, INDEX((ISNUMBER(SEARCH($B28, FORECAST!$A$3:$A$475))) * (INT(FORECAST!$B$3:$B$475) <= I$23) * (INT(FORECAST!$C$3:$C$475) >= I$23), 0), 0)), "")} | J28: {=IFERROR(INDEX(FORECAST!$D$3:$D$475, MATCH(1, INDEX((ISNUMBER(SEARCH($B28, FORECAST!$A$3:$A$475))) * (INT(FORECAST!$B$3:$B$475) <= J$23) * (INT(FORECAST!$C$3:$C$475) >= J$23), 0), 0)), "")} | ... AD28: {=IFERROR(INDEX(FORECAST!$D$3:$D$475, MATCH(1, INDEX((ISNUMBER(SEARCH($B28, FORECAST!$A$3:$A$475))) * (INT(FORECAST!$B$3:$B$475) <= AD$23) * (INT(FORECAST!$C$3:$C$475) >= AD$23), 0), 0)), "")} -> Garantizado | AJ28: =COUNTIF(C28:AD28,"Garantizado")/28 -> 0.071428571
B29: YACANTO | C29: {=IFERROR(INDEX(FORECAST!$D$3:$D$475, MATCH(1, INDEX((ISNUMBER(SEARCH($B29, FORECAST!$A$3:$A$475))) * (INT(FORECAST!$B$3:$B$475) <= C$23) * (INT(FORECAST!$C$3:$C$475) >= C$23), 0), 0)), "")} | D29: {=IFERROR(INDEX(FORECAST!$D$3:$D$475, MATCH(1, INDEX((ISNUMBER(SEARCH($B29, FORECAST!$A$3:$A$475))) * (INT(FORECAST!$B$3:$B$475) <= D$23) * (INT(FORECAST!$C$3:$C$475) >= D$23), 0), 0)), "")} | E29: {=IFERROR(INDEX(FORECAST!$D$3:$D$475, MATCH(1, INDEX((ISNUMBER(SEARCH($B29, FORECAST!$A$3:$A$475))) * (INT(FORECAST!$B$3:$B$475) <= E$23) * (INT(FORECAST!$C$3:$C$475) >= E$23), 0), 0)), "")} | F29: {=IFERROR(INDEX(FORECAST!$D$3:$D$475, MATCH(1, INDEX((ISNUMBER(SEARCH($B29, FORECAST!$A$3:$A$475))) * (INT(FORECAST!$B$3:$B$475) <= F$23) * (INT(FORECAST!$C$3:$C$475) >= F$23), 0), 0)), "")} | G29: {=IFERROR(INDEX(FORECAST!$D$3:$D$475, MATCH(1, INDEX((ISNUMBER(SEARCH($B29, FORECAST!$A$3:$A$475))) * (INT(FORECAST!$B$3:$B$475) <= G$23) * (INT(FORECAST!$C$3:$C$475) >= G$23), 0), 0)), "")} | H29: {=IFERROR(INDEX(FORECAST!$D$3:$D$475, MATCH(1, INDEX((ISNUMBER(SEARCH($B29, FORECAST!$A$3:$A$475))) * (INT(FORECAST!$B$3:$B$475) <= H$23) * (INT(FORECAST!$C$3:$C$475) >= H$23), 0), 0)), "")} -> Garantizado | I29: {=IFERROR(INDEX(FORECAST!$D$3:$D$475, MATCH(1, INDEX((ISNUMBER(SEARCH($B29, FORECAST!$A$3:$A$475))) * (INT(FORECAST!$B$3:$B$475) <= I$23) * (INT(FORECAST!$C$3:$C$475) >= I$23), 0), 0)), "")} -> Garantizado | J29: {=IFERROR(INDEX(FORECAST!$D$3:$D$475, MATCH(1, INDEX((ISNUMBER(SEARCH($B29, FORECAST!$A$3:$A$475))) * (INT(FORECAST!$B$3:$B$475) <= J$23) * (INT(FORECAST!$C$3:$C$475) >= J$23), 0), 0)), "")} | ... AD29: {=IFERROR(INDEX(FORECAST!$D$3:$D$475, MATCH(1, INDEX((ISNUMBER(SEARCH($B29, FORECAST!$A$3:$A$475))) * (INT(FORECAST!$B$3:$B$475) <= AD$23) * (INT(FORECAST!$C$3:$C$475) >= AD$23), 0), 0)), "")} -> Garantizado | AJ29: =COUNTIF(C29:AD29,"Garantizado")/28 -> 0.28571429
B30: LAS SIERRAS | C30: {=IFERROR(INDEX(FORECAST!$D$3:$D$475, MATCH(1, INDEX((ISNUMBER(SEARCH($B30, FORECAST!$A$3:$A$475))) * (INT(FORECAST!$B$3:$B$475) <= C$23) * (INT(FORECAST!$C$3:$C$475) >= C$23), 0), 0)), "")} | D30: {=IFERROR(INDEX(FORECAST!$D$3:$D$475, MATCH(1, INDEX((ISNUMBER(SEARCH($B30, FORECAST!$A$3:$A$475))) * (INT(FORECAST!$B$3:$B$475) <= D$23) * (INT(FORECAST!$C$3:$C$475) >= D$23), 0), 0)), "")} | E30: {=IFERROR(INDEX(FORECAST!$D$3:$D$475, MATCH(1, INDEX((ISNUMBER(SEARCH($B30, FORECAST!$A$3:$A$475))) * (INT(FORECAST!$B$3:$B$475) <= E$23) * (INT(FORECAST!$C$3:$C$475) >= E$23), 0), 0)), "")} | F30: {=IFERROR(INDEX(FORECAST!$D$3:$D$475, MATCH(1, INDEX((ISNUMBER(SEARCH($B30, FORECAST!$A$3:$A$475))) * (INT(FORECAST!$B$3:$B$475) <= F$23) * (INT(FORECAST!$C$3:$C$475) >= F$23), 0), 0)), "")} | G30: {=IFERROR(INDEX(FORECAST!$D$3:$D$475, MATCH(1, INDEX((ISNUMBER(SEARCH($B30, FORECAST!$A$3:$A$475))) * (INT(FORECAST!$B$3:$B$475) <= G$23) * (INT(FORECAST!$C$3:$C$475) >= G$23), 0), 0)), "")} | H30: {=IFERROR(INDEX(FORECAST!$D$3:$D$475, MATCH(1, INDEX((ISNUMBER(SEARCH($B30, FORECAST!$A$3:$A$475))) * (INT(FORECAST!$B$3:$B$475) <= H$23) * (INT(FORECAST!$C$3:$C$475) >= H$23), 0), 0)), "")} | I30: {=IFERROR(INDEX(FORECAST!$D$3:$D$475, MATCH(1, INDEX((ISNUMBER(SEARCH($B30, FORECAST!$A$3:$A$475))) * (INT(FORECAST!$B$3:$B$475) <= I$23) * (INT(FORECAST!$C$3:$C$475) >= I$23), 0), 0)), "")} | J30: {=IFERROR(INDEX(FORECAST!$D$3:$D$475, MATCH(1, INDEX((ISNUMBER(SEARCH($B30, FORECAST!$A$3:$A$475))) * (INT(FORECAST!$B$3:$B$475) <= J$23) * (INT(FORECAST!$C$3:$C$475) >= J$23), 0), 0)), "")} | ... AD30: {=IFERROR(INDEX(FORECAST!$D$3:$D$475, MATCH(1, INDEX((ISNUMBER(SEARCH($B30, FORECAST!$A$3:$A$475))) * (INT(FORECAST!$B$3:$B$475) <= AD$23) * (INT(FORECAST!$C$3:$C$475) >= AD$23), 0), 0)), "")} | AJ30: =COUNTIF(C30:AD30,"Garantizado")/28 -> 0.10714286
B31: SAN JAVIER | C31: {=IFERROR(INDEX(FORECAST!$D$3:$D$475, MATCH(1, INDEX((ISNUMBER(SEARCH($B31, FORECAST!$A$3:$A$475))) * (INT(FORECAST!$B$3:$B$475) <= C$23) * (INT(FORECAST!$C$3:$C$475) >= C$23), 0), 0)), "")} | D31: {=IFERROR(INDEX(FORECAST!$D$3:$D$475, MATCH(1, INDEX((ISNUMBER(SEARCH($B31, FORECAST!$A$3:$A$475))) * (INT(FORECAST!$B$3:$B$475) <= D$23) * (INT(FORECAST!$C$3:$C$475) >= D$23), 0), 0)), "")} | E31: {=IFERROR(INDEX(FORECAST!$D$3:$D$475, MATCH(1, INDEX((ISNUMBER(SEARCH($B31, FORECAST!$A$3:$A$475))) * (INT(FORECAST!$B$3:$B$475) <= E$23) * (INT(FORECAST!$C$3:$C$475) >= E$23), 0), 0)), "")} | F31: {=IFERROR(INDEX(FORECAST!$D$3:$D$475, MATCH(1, INDEX((ISNUMBER(SEARCH($B31, FORECAST!$A$3:$A$475))) * (INT(FORECAST!$B$3:$B$475) <= F$23) * (INT(FORECAST!$C$3:$C$475) >= F$23), 0), 0)), "")} | G31: {=IFERROR(INDEX(FORECAST!$D$3:$D$475, MATCH(1, INDEX((ISNUMBER(SEARCH($B31, FORECAST!$A$3:$A$475))) * (INT(FORECAST!$B$3:$B$475) <= G$23) * (INT(FORECAST!$C$3:$C$475) >= G$23), 0), 0)), "")} | H31: {=IFERROR(INDEX(FORECAST!$D$3:$D$475, MATCH(1, INDEX((ISNUMBER(SEARCH($B31, FORECAST!$A$3:$A$475))) * (INT(FORECAST!$B$3:$B$475) <= H$23) * (INT(FORECAST!$C$3:$C$475) >= H$23), 0), 0)), "")} | I31: {=IFERROR(INDEX(FORECAST!$D$3:$D$475, MATCH(1, INDEX((ISNUMBER(SEARCH($B31, FORECAST!$A$3:$A$475))) * (INT(FORECAST!$B$3:$B$475) <= I$23) * (INT(FORECAST!$C$3:$C$475) >= I$23), 0), 0)), "")} | J31: {=IFERROR(INDEX(FORECAST!$D$3:$D$475, MATCH(1, INDEX((ISNUMBER(SEARCH($B31, FORECAST!$A$3:$A$475))) * (INT(FORECAST!$B$3:$B$475) <= J$23) * (INT(FORECAST!$C$3:$C$475) >= J$23), 0), 0)), "")} | ... AD31: {=IFERROR(INDEX(FORECAST!$D$3:$D$475, MATCH(1, INDEX((ISNUMBER(SEARCH($B31, FORECAST!$A$3:$A$475))) * (INT(FORECAST!$B$3:$B$475) <= AD$23) * (INT(FORECAST!$C$3:$C$475) >= AD$23), 0), 0)), "")} | AJ31: =COUNTIF(C31:AD31,"Garantizado")/28 -> 0
C33: DO | D33: LU | E33: MA | F33: MI | G33: JU | H33: VI | I33: SA | J33: DO | K33: LU | L33: MA | M33: MI | N33: JU | O33: VI | P33: SA | Q33: DO | R33: LU | S33: MA | T33: MI | U33: JU | V33: VI | W33: SÁ. | X33: DO. | Y33: LU. | Z33: MA. | AA33: MI. | AB33: JU. | AC33: VI. | AD33: SÁ. | AE33: DO. | AF33: LU. | AG33: MA.
C34: 46082 | D34: 46083 | E34: 46084 | F34: 46085 | G34: 46086 | H34: 46087 | I34: 46088 | J34: 46089 | K34: 46090 | L34: 46091 | M34: 46092 | N34: 46093 | O34: 46094 | P34: 46095 | Q34: 46096 | R34: 46097 | S34: 46098 | T34: 46099 | U34: 46100 | V34: 46101 | W34: 46102 | X34: 46103 | Y34: 46104 | Z34: 46105 | AA34: 46106 | AB34: 46107 | AC34: 46108 | AD34: 46109 | AE34: 46110 | AF34: 46111 | AG34: 46112 | AJ34: Ocupación
A35: MARZO | B35: LUGONES | C35: {=IFERROR(INDEX(FORECAST!$D$12:$D$475, MATCH(1, INDEX((ISNUMBER(SEARCH($B35, FORECAST!$A$12:$A$475))) * (INT(FORECAST!$B$12:$B$475) <= C$34) * (INT(FORECAST!$C$12:$C$475) >= C$34), 0), 0)), "")} | D35: {=IFERROR(INDEX(FORECAST!$D$12:$D$475, MATCH(1, INDEX((ISNUMBER(SEARCH($B35, FORECAST!$A$12:$A$475))) * (INT(FORECAST!$B$12:$B$475) <= D$34) * (INT(FORECAST!$C$12:$C$475) >= D$34), 0), 0)), "")} | E35: {=IFERROR(INDEX(FORECAST!$D$12:$D$475, MATCH(1, INDEX((ISNUMBER(SEARCH($B35, FORECAST!$A$12:$A$475))) * (INT(FORECAST!$B$12:$B$475) <= E$34) * (INT(FORECAST!$C$12:$C$475) >= E$34), 0), 0)), "")} | F35: {=IFERROR(INDEX(FORECAST!$D$12:$D$475, MATCH(1, INDEX((ISNUMBER(SEARCH($B35, FORECAST!$A$12:$A$475))) * (INT(FORECAST!$B$12:$B$475) <= F$34) * (INT(FORECAST!$C$12:$C$475) >= F$34), 0), 0)), "")} | G35: {=IFERROR(INDEX(FORECAST!$D$12:$D$475, MATCH(1, INDEX((ISNUMBER(SEARCH($B35, FORECAST!$A$12:$A$475))) * (INT(FORECAST!$B$12:$B$475) <= G$34) * (INT(FORECAST!$C$12:$C$475) >= G$34), 0), 0)), "")} | H35: {=IFERROR(INDEX(FORECAST!$D$12:$D$475, MATCH(1, INDEX((ISNUMBER(SEARCH($B35, FORECAST!$A$12:$A$475))) * (INT(FORECAST!$B$12:$B$475) <= H$34) * (INT(FORECAST!$C$12:$C$475) >= H$34), 0), 0)), "")} | I35: {=IFERROR(INDEX(FORECAST!$D$12:$D$475, MATCH(1, INDEX((ISNUMBER(SEARCH($B35, FORECAST!$A$12:$A$475))) * (INT(FORECAST!$B$12:$B$475) <= I$34) * (INT(FORECAST!$C$12:$C$475) >= I$34), 0), 0)), "")} -> Garantizado | J35: {=IFERROR(INDEX(FORECAST!$D$12:$D$475, MATCH(1, INDEX((ISNUMBER(SEARCH($B35, FORECAST!$A$12:$A$475))) * (INT(FORECAST!$B$12:$B$475) <= J$34) * (INT(FORECAST!$C$12:$C$475) >= J$34), 0), 0)), "")} -> Garantizado | ... AG35: {=IFERROR(INDEX(FORECAST!$D$12:$D$475, MATCH(1, INDEX((ISNUMBER(SEARCH($B35, FORECAST!$A$12:$A$475))) * (INT(FORECAST!$B$12:$B$475) <= AG$34) * (INT(FORECAST!$C$12:$C$475) >= AG$34), 0), 0)), "")} | AJ35: =COUNTIF(C35:AG35,"Garantizado")/31 -> 0.41935484
B36: CHAMPAQUI | C36: {=IFERROR(INDEX(FORECAST!$D$12:$D$475, MATCH(1, INDEX((ISNUMBER(SEARCH($B36, FORECAST!$A$12:$A$475))) * (INT(FORECAST!$B$12:$B$475) <= C$34) * (INT(FORECAST!$C$12:$C$475) >= C$34), 0), 0)), "")} | D36: {=IFERROR(INDEX(FORECAST!$D$12:$D$475, MATCH(1, INDEX((ISNUMBER(SEARCH($B36, FORECAST!$A$12:$A$475))) * (INT(FORECAST!$B$12:$B$475) <= D$34) * (INT(FORECAST!$C$12:$C$475) >= D$34), 0), 0)), "")} | E36: {=IFERROR(INDEX(FORECAST!$D$12:$D$475, MATCH(1, INDEX((ISNUMBER(SEARCH($B36, FORECAST!$A$12:$A$475))) * (INT(FORECAST!$B$12:$B$475) <= E$34) * (INT(FORECAST!$C$12:$C$475) >= E$34), 0), 0)), "")} | F36: {=IFERROR(INDEX(FORECAST!$D$12:$D$475, MATCH(1, INDEX((ISNUMBER(SEARCH($B36, FORECAST!$A$12:$A$475))) * (INT(FORECAST!$B$12:$B$475) <= F$34) * (INT(FORECAST!$C$12:$C$475) >= F$34), 0), 0)), "")} | G36: {=IFERROR(INDEX(FORECAST!$D$12:$D$475, MATCH(1, INDEX((ISNUMBER(SEARCH($B36, FORECAST!$A$12:$A$475))) * (INT(FORECAST!$B$12:$B$475) <= G$34) * (INT(FORECAST!$C$12:$C$475) >= G$34), 0), 0)), "")} | H36: {=IFERROR(INDEX(FORECAST!$D$12:$D$475, MATCH(1, INDEX((ISNUMBER(SEARCH($B36, FORECAST!$A$12:$A$475))) * (INT(FORECAST!$B$12:$B$475) <= H$34) * (INT(FORECAST!$C$12:$C$475) >= H$34), 0), 0)), "")} | I36: {=IFERROR(INDEX(FORECAST!$D$12:$D$475, MATCH(1, INDEX((ISNUMBER(SEARCH($B36, FORECAST!$A$12:$A$475))) * (INT(FORECAST!$B$12:$B$475) <= I$34) * (INT(FORECAST!$C$12:$C$475) >= I$34), 0), 0)), "")} -> Garantizado | J36: {=IFERROR(INDEX(FORECAST!$D$12:$D$475, MATCH(1, INDEX((ISNUMBER(SEARCH($B36, FORECAST!$A$12:$A$475))) * (INT(FORECAST!$B$12:$B$475) <= J$34) * (INT(FORECAST!$C$12:$C$475) >= J$34), 0), 0)), "")} -> Garantizado | ... AG36: {=IFERROR(INDEX(FORECAST!$D$12:$D$475, MATCH(1, INDEX((ISNUMBER(SEARCH($B36, FORECAST!$A$12:$A$475))) * (INT(FORECAST!$B$12:$B$475) <= AG$34) * (INT(FORECAST!$C$12:$C$475) >= AG$34), 0), 0)), "")} | AJ36: =COUNTIF(C36:AG36,"Garantizado")/31 -> 0.38709677 | AL36: Ocupación Mensual Total
B37: TERRAZA | C37: {=IFERROR(INDEX(FORECAST!$D$12:$D$475, MATCH(1, INDEX((ISNUMBER(SEARCH($B37, FORECAST!$A$12:$A$475))) * (INT(FORECAST!$B$12:$B$475) <= C$34) * (INT(FORECAST!$C$12:$C$475) >= C$34), 0), 0)), "")} | D37: {=IFERROR(INDEX(FORECAST!$D$12:$D$475, MATCH(1, INDEX((ISNUMBER(SEARCH($B37, FORECAST!$A$12:$A$475))) * (INT(FORECAST!$B$12:$B$475) <= D$34) * (INT(FORECAST!$C$12:$C$475) >= D$34), 0), 0)), "")} | E37: {=IFERROR(INDEX(FORECAST!$D$12:$D$475, MATCH(1, INDEX((ISNUMBER(SEARCH($B37, FORECAST!$A$12:$A$475))) * (INT(FORECAST!$B$12:$B$475) <= E$34) * (INT(FORECAST!$C$12:$C$475) >= E$34), 0), 0)), "")} | F37: {=IFERROR(INDEX(FORECAST!$D$12:$D$475, MATCH(1, INDEX((ISNUMBER(SEARCH($B37, FORECAST!$A$12:$A$475))) * (INT(FORECAST!$B$12:$B$475) <= F$34) * (INT(FORECAST!$C$12:$C$475) >= F$34), 0), 0)), "")} | G37: {=IFERROR(INDEX(FORECAST!$D$12:$D$475, MATCH(1, INDEX((ISNUMBER(SEARCH($B37, FORECAST!$A$12:$A$475))) * (INT(FORECAST!$B$12:$B$475) <= G$34) * (INT(FORECAST!$C$12:$C$475) >= G$34), 0), 0)), "")} | H37: {=IFERROR(INDEX(FORECAST!$D$12:$D$475, MATCH(1, INDEX((ISNUMBER(SEARCH($B37, FORECAST!$A$12:$A$475))) * (INT(FORECAST!$B$12:$B$475) <= H$34) * (INT(FORECAST!$C$12:$C$475) >= H$34), 0), 0)), "")} | I37: {=IFERROR(INDEX(FORECAST!$D$12:$D$475, MATCH(1, INDEX((ISNUMBER(SEARCH($B37, FORECAST!$A$12:$A$475))) * (INT(FORECAST!$B$12:$B$475) <= I$34) * (INT(FORECAST!$C$12:$C$475) >= I$34), 0), 0)), "")} -> Garantizado | J37: {=IFERROR(INDEX(FORECAST!$D$12:$D$475, MATCH(1, INDEX((ISNUMBER(SEARCH($B37, FORECAST!$A$12:$A$475))) * (INT(FORECAST!$B$12:$B$475) <= J$34) * (INT(FORECAST!$C$12:$C$475) >= J$34), 0), 0)), "")} -> Garantizado | ... AG37: {=IFERROR(INDEX(FORECAST!$D$12:$D$475, MATCH(1, INDEX((ISNUMBER(SEARCH($B37, FORECAST!$A$12:$A$475))) * (INT(FORECAST!$B$12:$B$475) <= AG$34) * (INT(FORECAST!$C$12:$C$475) >= AG$34), 0), 0)), "")} | AJ37: =COUNTIF(C37:AG37,"Garantizado")/31 -> 0.29032258 | AL37: =COUNTIF('PLANNING 2026'!C35:AG41,"Garantizado")/COUNTA('PLANNING 2026'!C35:AG41) -> 0.38709677
B38: URITORCO | C38: {=IFERROR(INDEX(FORECAST!$D$12:$D$475, MATCH(1, INDEX((ISNUMBER(SEARCH($B38, FORECAST!$A$12:$A$475))) * (INT(FORECAST!$B$12:$B$475) <= C$34) * (INT(FORECAST!$C$12:$C$475) >= C$34), 0), 0)), "")} | D38: {=IFERROR(INDEX(FORECAST!$D$12:$D$475, MATCH(1, INDEX((ISNUMBER(SEARCH($B38, FORECAST!$A$12:$A$475))) * (INT(FORECAST!$B$12:$B$475) <= D$34) * (INT(FORECAST!$C$12:$C$475) >= D$34), 0), 0)), "")} | E38: {=IFERROR(INDEX(FORECAST!$D$12:$D$475, MATCH(1, INDEX((ISNUMBER(SEARCH($B38, FORECAST!$A$12:$A$475))) * (INT(FORECAST!$B$12:$B$475) <= E$34) * (INT(FORECAST!$C$12:$C$475) >= E$34), 0), 0)), "")} | F38: {=IFERROR(INDEX(FORECAST!$D$12:$D$475, MATCH(1, INDEX((ISNUMBER(SEARCH($B38, FORECAST!$A$12:$A$475))) * (INT(FORECAST!$B$12:$B$475) <= F$34) * (INT(FORECAST!$C$12:$C$475) >= F$34), 0), 0)), "")} | G38: {=IFERROR(INDEX(FORECAST!$D$12:$D$475, MATCH(1, INDEX((ISNUMBER(SEARCH($B38, FORECAST!$A$12:$A$475))) * (INT(FORECAST!$B$12:$B$475) <= G$34) * (INT(FORECAST!$C$12:$C$475) >= G$34), 0), 0)), "")} | H38: {=IFERROR(INDEX(FORECAST!$D$12:$D$475, MATCH(1, INDEX((ISNUMBER(SEARCH($B38, FORECAST!$A$12:$A$475))) * (INT(FORECAST!$B$12:$B$475) <= H$34) * (INT(FORECAST!$C$12:$C$475) >= H$34), 0), 0)), "")} | I38: {=IFERROR(INDEX(FORECAST!$D$12:$D$475, MATCH(1, INDEX((ISNUMBER(SEARCH($B38, FORECAST!$A$12:$A$475))) * (INT(FORECAST!$B$12:$B$475) <= I$34) * (INT(FORECAST!$C$12:$C$475) >= I$34), 0), 0)), "")} -> Garantizado | J38: {=IFERROR(INDEX(FORECAST!$D$12:$D$475, MATCH(1, INDEX((ISNUMBER(SEARCH($B38, FORECAST!$A$12:$A$475))) * (INT(FORECAST!$B$12:$B$475) <= J$34) * (INT(FORECAST!$C$12:$C$475) >= J$34), 0), 0)), "")} -> Garantizado | ... AG38: {=IFERROR(INDEX(FORECAST!$D$12:$D$475, MATCH(1, INDEX((ISNUMBER(SEARCH($B38, FORECAST!$A$12:$A$475))) * (INT(FORECAST!$B$12:$B$475) <= AG$34) * (INT(FORECAST!$C$12:$C$475) >= AG$34), 0), 0)), "")} | AJ38: =COUNTIF(C38:AG38,"Garantizado")/31 -> 0.4516129
B39: SUQUIA | C39: {=IFERROR(INDEX(FORECAST!$D$12:$D$475, MATCH(1, INDEX((ISNUMBER(SEARCH($B39, FORECAST!$A$12:$A$475))) * (INT(FORECAST!$B$12:$B$475) <= C$34) * (INT(FORECAST!$C$12:$C$475) >= C$34), 0), 0)), "")} | D39: {=IFERROR(INDEX(FORECAST!$D$12:$D$475, MATCH(1, INDEX((ISNUMBER(SEARCH($B39, FORECAST!$A$12:$A$475))) * (INT(FORECAST!$B$12:$B$475) <= D$34) * (INT(FORECAST!$C$12:$C$475) >= D$34), 0), 0)), "")} | E39: {=IFERROR(INDEX(FORECAST!$D$12:$D$475, MATCH(1, INDEX((ISNUMBER(SEARCH($B39, FORECAST!$A$12:$A$475))) * (INT(FORECAST!$B$12:$B$475) <= E$34) * (INT(FORECAST!$C$12:$C$475) >= E$34), 0), 0)), "")} | F39: {=IFERROR(INDEX(FORECAST!$D$12:$D$475, MATCH(1, INDEX((ISNUMBER(SEARCH($B39, FORECAST!$A$12:$A$475))) * (INT(FORECAST!$B$12:$B$475) <= F$34) * (INT(FORECAST!$C$12:$C$475) >= F$34), 0), 0)), "")} | G39: {=IFERROR(INDEX(FORECAST!$D$12:$D$475, MATCH(1, INDEX((ISNUMBER(SEARCH($B39, FORECAST!$A$12:$A$475))) * (INT(FORECAST!$B$12:$B$475) <= G$34) * (INT(FORECAST!$C$12:$C$475) >= G$34), 0), 0)), "")} -> Garantizado | H39: {=IFERROR(INDEX(FORECAST!$D$12:$D$475, MATCH(1, INDEX((ISNUMBER(SEARCH($B39, FORECAST!$A$12:$A$475))) * (INT(FORECAST!$B$12:$B$475) <= H$34) * (INT(FORECAST!$C$12:$C$475) >= H$34), 0), 0)), "")} -> Garantizado | I39: {=IFERROR(INDEX(FORECAST!$D$12:$D$475, MATCH(1, INDEX((ISNUMBER(SEARCH($B39, FORECAST!$A$12:$A$475))) * (INT(FORECAST!$B$12:$B$475) <= I$34) * (INT(FORECAST!$C$12:$C$475) >= I$34), 0), 0)), "")} -> Garantizado | J39: {=IFERROR(INDEX(FORECAST!$D$12:$D$475, MATCH(1, INDEX((ISNUMBER(SEARCH($B39, FORECAST!$A$12:$A$475))) * (INT(FORECAST!$B$12:$B$475) <= J$34) * (INT(FORECAST!$C$12:$C$475) >= J$34), 0), 0)), "")} -> Garantizado | ... AG39: {=IFERROR(INDEX(FORECAST!$D$12:$D$475, MATCH(1, INDEX((ISNUMBER(SEARCH($B39, FORECAST!$A$12:$A$475))) * (INT(FORECAST!$B$12:$B$475) <= AG$34) * (INT(FORECAST!$C$12:$C$475) >= AG$34), 0), 0)), "")} | AJ39: =COUNTIF(C39:AG39,"Garantizado")/31 -> 0.48387097
B40: YACANTO | C40: {=IFERROR(INDEX(FORECAST!$D$12:$D$475, MATCH(1, INDEX((ISNUMBER(SEARCH($B40, FORECAST!$A$12:$A$475))) * (INT(FORECAST!$B$12:$B$475) <= C$34) * (INT(FORECAST!$C$12:$C$475) >= C$34), 0), 0)), "")} -> Garantizado | D40: {=IFERROR(INDEX(FORECAST!$D$12:$D$475, MATCH(1, INDEX((ISNUMBER(SEARCH($B40, FORECAST!$A$12:$A$475))) * (INT(FORECAST!$B$12:$B$475) <= D$34) * (INT(FORECAST!$C$12:$C$475) >= D$34), 0), 0)), "")} -> Garantizado | E40: {=IFERROR(INDEX(FORECAST!$D$12:$D$475, MATCH(1, INDEX((ISNUMBER(SEARCH($B40, FORECAST!$A$12:$A$475))) * (INT(FORECAST!$B$12:$B$475) <= E$34) * (INT(FORECAST!$C$12:$C$475) >= E$34), 0), 0)), "")} -> Garantizado | F40: {=IFERROR(INDEX(FORECAST!$D$12:$D$475, MATCH(1, INDEX((ISNUMBER(SEARCH($B40, FORECAST!$A$12:$A$475))) * (INT(FORECAST!$B$12:$B$475) <= F$34) * (INT(FORECAST!$C$12:$C$475) >= F$34), 0), 0)), "")} | G40: {=IFERROR(INDEX(FORECAST!$D$12:$D$475, MATCH(1, INDEX((ISNUMBER(SEARCH($B40, FORECAST!$A$12:$A$475))) * (INT(FORECAST!$B$12:$B$475) <= G$34) * (INT(FORECAST!$C$12:$C$475) >= G$34), 0), 0)), "")} | H40: {=IFERROR(INDEX(FORECAST!$D$12:$D$475, MATCH(1, INDEX((ISNUMBER(SEARCH($B40, FORECAST!$A$12:$A$475))) * (INT(FORECAST!$B$12:$B$475) <= H$34) * (INT(FORECAST!$C$12:$C$475) >= H$34), 0), 0)), "")} | I40: {=IFERROR(INDEX(FORECAST!$D$12:$D$475, MATCH(1, INDEX((ISNUMBER(SEARCH($B40, FORECAST!$A$12:$A$475))) * (INT(FORECAST!$B$12:$B$475) <= I$34) * (INT(FORECAST!$C$12:$C$475) >= I$34), 0), 0)), "")} | J40: {=IFERROR(INDEX(FORECAST!$D$12:$D$475, MATCH(1, INDEX((ISNUMBER(SEARCH($B40, FORECAST!$A$12:$A$475))) * (INT(FORECAST!$B$12:$B$475) <= J$34) * (INT(FORECAST!$C$12:$C$475) >= J$34), 0), 0)), "")} | ... AG40: {=IFERROR(INDEX(FORECAST!$D$12:$D$475, MATCH(1, INDEX((ISNUMBER(SEARCH($B40, FORECAST!$A$12:$A$475))) * (INT(FORECAST!$B$12:$B$475) <= AG$34) * (INT(FORECAST!$C$12:$C$475) >= AG$34), 0), 0)), "")} -> Presupuesto | AJ40: =COUNTIF(C40:AG40,"Garantizado")/31 -> 0.38709677
B41: LAS SIERRAS | C41: {=IFERROR(INDEX(FORECAST!$D$12:$D$475, MATCH(1, INDEX((ISNUMBER(SEARCH($B41, FORECAST!$A$12:$A$475))) * (INT(FORECAST!$B$12:$B$475) <= C$34) * (INT(FORECAST!$C$12:$C$475) >= C$34), 0), 0)), "")} | D41: {=IFERROR(INDEX(FORECAST!$D$12:$D$475, MATCH(1, INDEX((ISNUMBER(SEARCH($B41, FORECAST!$A$12:$A$475))) * (INT(FORECAST!$B$12:$B$475) <= D$34) * (INT(FORECAST!$C$12:$C$475) >= D$34), 0), 0)), "")} | E41: {=IFERROR(INDEX(FORECAST!$D$12:$D$475, MATCH(1, INDEX((ISNUMBER(SEARCH($B41, FORECAST!$A$12:$A$475))) * (INT(FORECAST!$B$12:$B$475) <= E$34) * (INT(FORECAST!$C$12:$C$475) >= E$34), 0), 0)), "")} -> Garantizado | F41: {=IFERROR(INDEX(FORECAST!$D$12:$D$475, MATCH(1, INDEX((ISNUMBER(SEARCH($B41, FORECAST!$A$12:$A$475))) * (INT(FORECAST!$B$12:$B$475) <= F$34) * (INT(FORECAST!$C$12:$C$475) >= F$34), 0), 0)), "")} -> Garantizado | G41: {=IFERROR(INDEX(FORECAST!$D$12:$D$475, MATCH(1, INDEX((ISNUMBER(SEARCH($B41, FORECAST!$A$12:$A$475))) * (INT(FORECAST!$B$12:$B$475) <= G$34) * (INT(FORECAST!$C$12:$C$475) >= G$34), 0), 0)), "")} | H41: {=IFERROR(INDEX(FORECAST!$D$12:$D$475, MATCH(1, INDEX((ISNUMBER(SEARCH($B41, FORECAST!$A$12:$A$475))) * (INT(FORECAST!$B$12:$B$475) <= H$34) * (INT(FORECAST!$C$12:$C$475) >= H$34), 0), 0)), "")} | I41: {=IFERROR(INDEX(FORECAST!$D$12:$D$475, MATCH(1, INDEX((ISNUMBER(SEARCH($B41, FORECAST!$A$12:$A$475))) * (INT(FORECAST!$B$12:$B$475) <= I$34) * (INT(FORECAST!$C$12:$C$475) >= I$34), 0), 0)), "")} | J41: {=IFERROR(INDEX(FORECAST!$D$12:$D$475, MATCH(1, INDEX((ISNUMBER(SEARCH($B41, FORECAST!$A$12:$A$475))) * (INT(FORECAST!$B$12:$B$475) <= J$34) * (INT(FORECAST!$C$12:$C$475) >= J$34), 0), 0)), "")} | ... AG41: {=IFERROR(INDEX(FORECAST!$D$12:$D$475, MATCH(1, INDEX((ISNUMBER(SEARCH($B41, FORECAST!$A$12:$A$475))) * (INT(FORECAST!$B$12:$B$475) <= AG$34) * (INT(FORECAST!$C$12:$C$475) >= AG$34), 0), 0)), "")} | AJ41: =COUNTIF(C41:AG41,"Garantizado")/31 -> 0.29032258
B42: SAN JAVIER | C42: {=IFERROR(INDEX(FORECAST!$D$12:$D$475, MATCH(1, INDEX((ISNUMBER(SEARCH($B42, FORECAST!$A$12:$A$475))) * (INT(FORECAST!$B$12:$B$475) <= C$34) * (INT(FORECAST!$C$12:$C$475) >= C$34), 0), 0)), "")} | D42: {=IFERROR(INDEX(FORECAST!$D$12:$D$475, MATCH(1, INDEX((ISNUMBER(SEARCH($B42, FORECAST!$A$12:$A$475))) * (INT(FORECAST!$B$12:$B$475) <= D$34) * (INT(FORECAST!$C$12:$C$475) >= D$34), 0), 0)), "")} | E42: {=IFERROR(INDEX(FORECAST!$D$12:$D$475, MATCH(1, INDEX((ISNUMBER(SEARCH($B42, FORECAST!$A$12:$A$475))) * (INT(FORECAST!$B$12:$B$475) <= E$34) * (INT(FORECAST!$C$12:$C$475) >= E$34), 0), 0)), "")} | F42: {=IFERROR(INDEX(FORECAST!$D$12:$D$475, MATCH(1, INDEX((ISNUMBER(SEARCH($B42, FORECAST!$A$12:$A$475))) * (INT(FORECAST!$B$12:$B$475) <= F$34) * (INT(FORECAST!$C$12:$C$475) >= F$34), 0), 0)), "")} | G42: {=IFERROR(INDEX(FORECAST!$D$12:$D$475, MATCH(1, INDEX((ISNUMBER(SEARCH($B42, FORECAST!$A$12:$A$475))) * (INT(FORECAST!$B$12:$B$475) <= G$34) * (INT(FORECAST!$C$12:$C$475) >= G$34), 0), 0)), "")} | H42: {=IFERROR(INDEX(FORECAST!$D$12:$D$475, MATCH(1, INDEX((ISNUMBER(SEARCH($B42, FORECAST!$A$12:$A$475))) * (INT(FORECAST!$B$12:$B$475) <= H$34) * (INT(FORECAST!$C$12:$C$475) >= H$34), 0), 0)), "")} -> Garantizado | I42: {=IFERROR(INDEX(FORECAST!$D$12:$D$475, MATCH(1, INDEX((ISNUMBER(SEARCH($B42, FORECAST!$A$12:$A$475))) * (INT(FORECAST!$B$12:$B$475) <= I$34) * (INT(FORECAST!$C$12:$C$475) >= I$34), 0), 0)), "")} -> Garantizado | J42: {=IFERROR(INDEX(FORECAST!$D$12:$D$475, MATCH(1, INDEX((ISNUMBER(SEARCH($B42, FORECAST!$A$12:$A$475))) * (INT(FORECAST!$B$12:$B$475) <= J$34) * (INT(FORECAST!$C$12:$C$475) >= J$34), 0), 0)), "")} -> Garantizado | ... AG42: {=IFERROR(INDEX(FORECAST!$D$12:$D$475, MATCH(1, INDEX((ISNUMBER(SEARCH($B42, FORECAST!$A$12:$A$475))) * (INT(FORECAST!$B$12:$B$475) <= AG$34) * (INT(FORECAST!$C$12:$C$475) >= AG$34), 0), 0)), "")} | AJ42: =COUNTIF(C42:AG42,"Garantizado")/31 -> 0.32258065
AE43: {=IFERROR(INDEX(FORECAST!$E$12:$E$475, MATCH(1, INDEX((ISNUMBER(SEARCH($C43, FORECAST!$A$12:$A$475))) * (FORECAST!$B$12:$B$475 <= AE$37) * (FORECAST!$C$12:$C$475 >= AE$37), 0), 0)), "")} | AF43: {=IFERROR(INDEX(FORECAST!$E$12:$E$475, MATCH(1, INDEX((ISNUMBER(SEARCH($C43, FORECAST!$A$12:$A$475))) * (FORECAST!$B$12:$B$475 <= AF$37) * (FORECAST!$C$12:$C$475 >= AF$37), 0), 0)), "")} | AG43: {=IFERROR(INDEX(FORECAST!$E$12:$E$475, MATCH(1, INDEX((ISNUMBER(SEARCH($C43, FORECAST!$A$12:$A$475))) * (FORECAST!$B$12:$B$475 <= AG$37) * (FORECAST!$C$12:$C$475 >= AG$37), 0), 0)), "")} | AH43: {=IFERROR(INDEX(FORECAST!$E$12:$E$475, MATCH(1, INDEX((ISNUMBER(SEARCH($C43, FORECAST!$A$12:$A$475))) * (FORECAST!$B$12:$B$475 <= AH$37) * (FORECAST!$C$12:$C$475 >= AH$37), 0), 0)), "")}
AH44: {=IFERROR(INDEX(FORECAST!$E$12:$E$475, MATCH(1, INDEX((ISNUMBER(SEARCH($C44, FORECAST!$A$12:$A$475))) * (FORECAST!$B$12:$B$475 <= AH$37) * (FORECAST!$C$12:$C$475 >= AH$37), 0), 0)), "")}
C45: MI | D45: JU | E45: VI | F45: SA | G45: DO | H45: LU | I45: MA | J45: MI | K45: JU | L45: VI | M45: SA | N45: DO | O45: LU | P45: MA | Q45: MI | R45: JU | S45: VI | T45: SÁ. | U45: DO. | V45: LU. | W45: MA. | X45: MI. | Y45: JU. | Z45: VI. | AA45: SÁ. | AB45: DO. | AC45: LU. | AD45: MA. | AE45: MI. | AF45: JU. | AH45: {=IFERROR(INDEX(FORECAST!$E$12:$E$475, MATCH(1, INDEX((ISNUMBER(SEARCH(#REF!, FORECAST!$A$12:$A$475))) * (FORECAST!$B$12:$B$475 <= AH$37) * (FORECAST!$C$12:$C$475 >= AH$37), 0), 0)), "")}
C46: 46113 | D46: 46114 | E46: 46115 | F46: 46116 | G46: 46117 | H46: 46118 | I46: 46119 | J46: 46120 | K46: 46121 | L46: 46122 | M46: 46123 | N46: 46124 | O46: 46125 | P46: 46126 | Q46: 46127 | R46: 46128 | S46: 46129 | T46: 46130 | U46: 46131 | V46: 46132 | W46: 46133 | X46: 46134 | Y46: 46135 | Z46: 46136 | AA46: 46137 | AB46: 46138 | AC46: 46139 | AD46: 46140 | AE46: 46141 | AF46: 46142 | AJ46: Ocupación
A47: ABRIL | B47: LUGONES | C47: {=IFERROR(INDEX(FORECAST!$D$12:$D$475, MATCH(1, INDEX((ISNUMBER(SEARCH($B47, FORECAST!$A$12:$A$475))) * (INT(FORECAST!$B$12:$B$475) <= C$46) * (INT(FORECAST!$C$12:$C$475) >= C$46), 0), 0)), "")} | D47: {=IFERROR(INDEX(FORECAST!$D$12:$D$475, MATCH(1, INDEX((ISNUMBER(SEARCH($B47, FORECAST!$A$12:$A$475))) * (INT(FORECAST!$B$12:$B$475) <= D$46) * (INT(FORECAST!$C$12:$C$475) >= D$46), 0), 0)), "")} | E47: {=IFERROR(INDEX(FORECAST!$D$12:$D$475, MATCH(1, INDEX((ISNUMBER(SEARCH($B47, FORECAST!$A$12:$A$475))) * (INT(FORECAST!$B$12:$B$475) <= E$46) * (INT(FORECAST!$C$12:$C$475) >= E$46), 0), 0)), "")} | F47: {=IFERROR(INDEX(FORECAST!$D$12:$D$475, MATCH(1, INDEX((ISNUMBER(SEARCH($B47, FORECAST!$A$12:$A$475))) * (INT(FORECAST!$B$12:$B$475) <= F$46) * (INT(FORECAST!$C$12:$C$475) >= F$46), 0), 0)), "")} | G47: {=IFERROR(INDEX(FORECAST!$D$12:$D$475, MATCH(1, INDEX((ISNUMBER(SEARCH($B47, FORECAST!$A$12:$A$475))) * (INT(FORECAST!$B$12:$B$475) <= G$46) * (INT(FORECAST!$C$12:$C$475) >= G$46), 0), 0)), "")} | H47: {=IFERROR(INDEX(FORECAST!$D$12:$D$475, MATCH(1, INDEX((ISNUMBER(SEARCH($B47, FORECAST!$A$12:$A$475))) * (INT(FORECAST!$B$12:$B$475) <= H$46) * (INT(FORECAST!$C$12:$C$475) >= H$46), 0), 0)), "")} | I47: {=IFERROR(INDEX(FORECAST!$D$12:$D$475, MATCH(1, INDEX((ISNUMBER(SEARCH($B47, FORECAST!$A$12:$A$475))) * (INT(FORECAST!$B$12:$B$475) <= I$46) * (INT(FORECAST!$C$12:$C$475) >= I$46), 0), 0)), "")} | J47: {=IFERROR(INDEX(FORECAST!$D$12:$D$475, MATCH(1, INDEX((ISNUMBER(SEARCH($B47, FORECAST!$A$12:$A$475))) * (INT(FORECAST!$B$12:$B$475) <= J$46) * (INT(FORECAST!$C$12:$C$475) >= J$46), 0), 0)), "")} -> Garantizado | ... AF47: {=IFERROR(INDEX(FORECAST!$D$12:$D$475, MATCH(1, INDEX((ISNUMBER(SEARCH($B47, FORECAST!$A$12:$A$475))) * (INT(FORECAST!$B$12:$B$475) <= AF$46) * (INT(FORECAST!$C$12:$C$475) >= AF$46), 0), 0)), "")} | AJ47: =COUNTIF(C47:AF47,"Garantizado")/30 -> 0.36666667
B48: CHAMPAQUI | C48: {=IFERROR(INDEX(FORECAST!$D$12:$D$475, MATCH(1, INDEX((ISNUMBER(SEARCH($B48, FORECAST!$A$12:$A$475))) * (INT(FORECAST!$B$12:$B$475) <= C$46) * (INT(FORECAST!$C$12:$C$475) >= C$46), 0), 0)), "")} | D48: {=IFERROR(INDEX(FORECAST!$D$12:$D$475, MATCH(1, INDEX((ISNUMBER(SEARCH($B48, FORECAST!$A$12:$A$475))) * (INT(FORECAST!$B$12:$B$475) <= D$46) * (INT(FORECAST!$C$12:$C$475) >= D$46), 0), 0)), "")} | E48: {=IFERROR(INDEX(FORECAST!$D$12:$D$475, MATCH(1, INDEX((ISNUMBER(SEARCH($B48, FORECAST!$A$12:$A$475))) * (INT(FORECAST!$B$12:$B$475) <= E$46) * (INT(FORECAST!$C$12:$C$475) >= E$46), 0), 0)), "")} | F48: {=IFERROR(INDEX(FORECAST!$D$12:$D$475, MATCH(1, INDEX((ISNUMBER(SEARCH($B48, FORECAST!$A$12:$A$475))) * (INT(FORECAST!$B$12:$B$475) <= F$46) * (INT(FORECAST!$C$12:$C$475) >= F$46), 0), 0)), "")} | G48: {=IFERROR(INDEX(FORECAST!$D$12:$D$475, MATCH(1, INDEX((ISNUMBER(SEARCH($B48, FORECAST!$A$12:$A$475))) * (INT(FORECAST!$B$12:$B$475) <= G$46) * (INT(FORECAST!$C$12:$C$475) >= G$46), 0), 0)), "")} | H48: {=IFERROR(INDEX(FORECAST!$D$12:$D$475, MATCH(1, INDEX((ISNUMBER(SEARCH($B48, FORECAST!$A$12:$A$475))) * (INT(FORECAST!$B$12:$B$475) <= H$46) * (INT(FORECAST!$C$12:$C$475) >= H$46), 0), 0)), "")} | I48: {=IFERROR(INDEX(FORECAST!$D$12:$D$475, MATCH(1, INDEX((ISNUMBER(SEARCH($B48, FORECAST!$A$12:$A$475))) * (INT(FORECAST!$B$12:$B$475) <= I$46) * (INT(FORECAST!$C$12:$C$475) >= I$46), 0), 0)), "")} -> Garantizado | J48: {=IFERROR(INDEX(FORECAST!$D$12:$D$475, MATCH(1, INDEX((ISNUMBER(SEARCH($B48, FORECAST!$A$12:$A$475))) * (INT(FORECAST!$B$12:$B$475) <= J$46) * (INT(FORECAST!$C$12:$C$475) >= J$46), 0), 0)), "")} -> Garantizado | ... AF48: {=IFERROR(INDEX(FORECAST!$D$12:$D$475, MATCH(1, INDEX((ISNUMBER(SEARCH($B48, FORECAST!$A$12:$A$475))) * (INT(FORECAST!$B$12:$B$475) <= AF$46) * (INT(FORECAST!$C$12:$C$475) >= AF$46), 0), 0)), "")} -> Garantizado | AJ48: =COUNTIF(C48:AF48,"Garantizado")/30 -> 0.43333333 | AL48: Ocupación Mensual Total
B49: TERRAZA | C49: {=IFERROR(INDEX(FORECAST!$D$12:$D$475, MATCH(1, INDEX((ISNUMBER(SEARCH($B49, FORECAST!$A$12:$A$475))) * (INT(FORECAST!$B$12:$B$475) <= C$46) * (INT(FORECAST!$C$12:$C$475) >= C$46), 0), 0)), "")} | D49: {=IFERROR(INDEX(FORECAST!$D$12:$D$475, MATCH(1, INDEX((ISNUMBER(SEARCH($B49, FORECAST!$A$12:$A$475))) * (INT(FORECAST!$B$12:$B$475) <= D$46) * (INT(FORECAST!$C$12:$C$475) >= D$46), 0), 0)), "")} | E49: {=IFERROR(INDEX(FORECAST!$D$12:$D$475, MATCH(1, INDEX((ISNUMBER(SEARCH($B49, FORECAST!$A$12:$A$475))) * (INT(FORECAST!$B$12:$B$475) <= E$46) * (INT(FORECAST!$C$12:$C$475) >= E$46), 0), 0)), "")} | F49: {=IFERROR(INDEX(FORECAST!$D$12:$D$475, MATCH(1, INDEX((ISNUMBER(SEARCH($B49, FORECAST!$A$12:$A$475))) * (INT(FORECAST!$B$12:$B$475) <= F$46) * (INT(FORECAST!$C$12:$C$475) >= F$46), 0), 0)), "")} | G49: {=IFERROR(INDEX(FORECAST!$D$12:$D$475, MATCH(1, INDEX((ISNUMBER(SEARCH($B49, FORECAST!$A$12:$A$475))) * (INT(FORECAST!$B$12:$B$475) <= G$46) * (INT(FORECAST!$C$12:$C$475) >= G$46), 0), 0)), "")} | H49: {=IFERROR(INDEX(FORECAST!$D$12:$D$475, MATCH(1, INDEX((ISNUMBER(SEARCH($B49, FORECAST!$A$12:$A$475))) * (INT(FORECAST!$B$12:$B$475) <= H$46) * (INT(FORECAST!$C$12:$C$475) >= H$46), 0), 0)), "")} | I49: {=IFERROR(INDEX(FORECAST!$D$12:$D$475, MATCH(1, INDEX((ISNUMBER(SEARCH($B49, FORECAST!$A$12:$A$475))) * (INT(FORECAST!$B$12:$B$475) <= I$46) * (INT(FORECAST!$C$12:$C$475) >= I$46), 0), 0)), "")} | J49: {=IFERROR(INDEX(FORECAST!$D$12:$D$475, MATCH(1, INDEX((ISNUMBER(SEARCH($B49, FORECAST!$A$12:$A$475))) * (INT(FORECAST!$B$12:$B$475) <= J$46) * (INT(FORECAST!$C$12:$C$475) >= J$46), 0), 0)), "")} | ... AF49: {=IFERROR(INDEX(FORECAST!$D$12:$D$475, MATCH(1, INDEX((ISNUMBER(SEARCH($B49, FORECAST!$A$12:$A$475))) * (INT(FORECAST!$B$12:$B$475) <= AF$46) * (INT(FORECAST!$C$12:$C$475) >= AF$46), 0), 0)), "")} -> Garantizado | AJ49: =COUNTIF(C49:AF49,"Garantizado")/30 -> 0.2 | AL49: =COUNTIF('PLANNING 2026'!C47:AF53,"Garantizado")/COUNTA('PLANNING 2026'!C47:AF53) -> 0.28095238
B50: URITORCO | C50: {=IFERROR(INDEX(FORECAST!$D$12:$D$475, MATCH(1, INDEX((ISNUMBER(SEARCH($B50, FORECAST!$A$12:$A$475))) * (INT(FORECAST!$B$12:$B$475) <= C$46) * (INT(FORECAST!$C$12:$C$475) >= C$46), 0), 0)), "")} | D50: {=IFERROR(INDEX(FORECAST!$D$12:$D$475, MATCH(1, INDEX((ISNUMBER(SEARCH($B50, FORECAST!$A$12:$A$475))) * (INT(FORECAST!$B$12:$B$475) <= D$46) * (INT(FORECAST!$C$12:$C$475) >= D$46), 0), 0)), "")} | E50: {=IFERROR(INDEX(FORECAST!$D$12:$D$475, MATCH(1, INDEX((ISNUMBER(SEARCH($B50, FORECAST!$A$12:$A$475))) * (INT(FORECAST!$B$12:$B$475) <= E$46) * (INT(FORECAST!$C$12:$C$475) >= E$46), 0), 0)), "")} | F50: {=IFERROR(INDEX(FORECAST!$D$12:$D$475, MATCH(1, INDEX((ISNUMBER(SEARCH($B50, FORECAST!$A$12:$A$475))) * (INT(FORECAST!$B$12:$B$475) <= F$46) * (INT(FORECAST!$C$12:$C$475) >= F$46), 0), 0)), "")} | G50: {=IFERROR(INDEX(FORECAST!$D$12:$D$475, MATCH(1, INDEX((ISNUMBER(SEARCH($B50, FORECAST!$A$12:$A$475))) * (INT(FORECAST!$B$12:$B$475) <= G$46) * (INT(FORECAST!$C$12:$C$475) >= G$46), 0), 0)), "")} | H50: {=IFERROR(INDEX(FORECAST!$D$12:$D$475, MATCH(1, INDEX((ISNUMBER(SEARCH($B50, FORECAST!$A$12:$A$475))) * (INT(FORECAST!$B$12:$B$475) <= H$46) * (INT(FORECAST!$C$12:$C$475) >= H$46), 0), 0)), "")} | I50: {=IFERROR(INDEX(FORECAST!$D$12:$D$475, MATCH(1, INDEX((ISNUMBER(SEARCH($B50, FORECAST!$A$12:$A$475))) * (INT(FORECAST!$B$12:$B$475) <= I$46) * (INT(FORECAST!$C$12:$C$475) >= I$46), 0), 0)), "")} | J50: {=IFERROR(INDEX(FORECAST!$D$12:$D$475, MATCH(1, INDEX((ISNUMBER(SEARCH($B50, FORECAST!$A$12:$A$475))) * (INT(FORECAST!$B$12:$B$475) <= J$46) * (INT(FORECAST!$C$12:$C$475) >= J$46), 0), 0)), "")} | ... AF50: {=IFERROR(INDEX(FORECAST!$D$12:$D$475, MATCH(1, INDEX((ISNUMBER(SEARCH($B50, FORECAST!$A$12:$A$475))) * (INT(FORECAST!$B$12:$B$475) <= AF$46) * (INT(FORECAST!$C$12:$C$475) >= AF$46), 0), 0)), "")} | AJ50: =COUNTIF(C50:AF50,"Garantizado")/30 -> 0.16666667
B51: SUQUIA | C51: {=IFERROR(INDEX(FORECAST!$D$12:$D$475, MATCH(1, INDEX((ISNUMBER(SEARCH($B51, FORECAST!$A$12:$A$475))) * (INT(FORECAST!$B$12:$B$475) <= C$46) * (INT(FORECAST!$C$12:$C$475) >= C$46), 0), 0)), "")} | D51: {=IFERROR(INDEX(FORECAST!$D$12:$D$475, MATCH(1, INDEX((ISNUMBER(SEARCH($B51, FORECAST!$A$12:$A$475))) * (INT(FORECAST!$B$12:$B$475) <= D$46) * (INT(FORECAST!$C$12:$C$475) >= D$46), 0), 0)), "")} | E51: {=IFERROR(INDEX(FORECAST!$D$12:$D$475, MATCH(1, INDEX((ISNUMBER(SEARCH($B51, FORECAST!$A$12:$A$475))) * (INT(FORECAST!$B$12:$B$475) <= E$46) * (INT(FORECAST!$C$12:$C$475) >= E$46), 0), 0)), "")} | F51: {=IFERROR(INDEX(FORECAST!$D$12:$D$475, MATCH(1, INDEX((ISNUMBER(SEARCH($B51, FORECAST!$A$12:$A$475))) * (INT(FORECAST!$B$12:$B$475) <= F$46) * (INT(FORECAST!$C$12:$C$475) >= F$46), 0), 0)), "")} | G51: {=IFERROR(INDEX(FORECAST!$D$12:$D$475, MATCH(1, INDEX((ISNUMBER(SEARCH($B51, FORECAST!$A$12:$A$475))) * (INT(FORECAST!$B$12:$B$475) <= G$46) * (INT(FORECAST!$C$12:$C$475) >= G$46), 0), 0)), "")} | H51: {=IFERROR(INDEX(FORECAST!$D$12:$D$475, MATCH(1, INDEX((ISNUMBER(SEARCH($B51, FORECAST!$A$12:$A$475))) * (INT(FORECAST!$B$12:$B$475) <= H$46) * (INT(FORECAST!$C$12:$C$475) >= H$46), 0), 0)), "")} | I51: {=IFERROR(INDEX(FORECAST!$D$12:$D$475, MATCH(1, INDEX((ISNUMBER(SEARCH($B51, FORECAST!$A$12:$A$475))) * (INT(FORECAST!$B$12:$B$475) <= I$46) * (INT(FORECAST!$C$12:$C$475) >= I$46), 0), 0)), "")} -> Presupuesto | J51: {=IFERROR(INDEX(FORECAST!$D$12:$D$475, MATCH(1, INDEX((ISNUMBER(SEARCH($B51, FORECAST!$A$12:$A$475))) * (INT(FORECAST!$B$12:$B$475) <= J$46) * (INT(FORECAST!$C$12:$C$475) >= J$46), 0), 0)), "")} | ... AF51: {=IFERROR(INDEX(FORECAST!$D$12:$D$475, MATCH(1, INDEX((ISNUMBER(SEARCH($B51, FORECAST!$A$12:$A$475))) * (INT(FORECAST!$B$12:$B$475) <= AF$46) * (INT(FORECAST!$C$12:$C$475) >= AF$46), 0), 0)), "")} | AJ51: =COUNTIF(C51:AF51,"Garantizado")/30 -> 0.16666667
B52: YACANTO | C52: {=IFERROR(INDEX(FORECAST!$D$12:$D$475, MATCH(1, INDEX((ISNUMBER(SEARCH($B52, FORECAST!$A$12:$A$475))) * (INT(FORECAST!$B$12:$B$475) <= C$46) * (INT(FORECAST!$C$12:$C$475) >= C$46), 0), 0)), "")} | D52: {=IFERROR(INDEX(FORECAST!$D$12:$D$475, MATCH(1, INDEX((ISNUMBER(SEARCH($B52, FORECAST!$A$12:$A$475))) * (INT(FORECAST!$B$12:$B$475) <= D$46) * (INT(FORECAST!$C$12:$C$475) >= D$46), 0), 0)), "")} | E52: {=IFERROR(INDEX(FORECAST!$D$12:$D$475, MATCH(1, INDEX((ISNUMBER(SEARCH($B52, FORECAST!$A$12:$A$475))) * (INT(FORECAST!$B$12:$B$475) <= E$46) * (INT(FORECAST!$C$12:$C$475) >= E$46), 0), 0)), "")} | F52: {=IFERROR(INDEX(FORECAST!$D$12:$D$475, MATCH(1, INDEX((ISNUMBER(SEARCH($B52, FORECAST!$A$12:$A$475))) * (INT(FORECAST!$B$12:$B$475) <= F$46) * (INT(FORECAST!$C$12:$C$475) >= F$46), 0), 0)), "")} | G52: {=IFERROR(INDEX(FORECAST!$D$12:$D$475, MATCH(1, INDEX((ISNUMBER(SEARCH($B52, FORECAST!$A$12:$A$475))) * (INT(FORECAST!$B$12:$B$475) <= G$46) * (INT(FORECAST!$C$12:$C$475) >= G$46), 0), 0)), "")} | H52: {=IFERROR(INDEX(FORECAST!$D$12:$D$475, MATCH(1, INDEX((ISNUMBER(SEARCH($B52, FORECAST!$A$12:$A$475))) * (INT(FORECAST!$B$12:$B$475) <= H$46) * (INT(FORECAST!$C$12:$C$475) >= H$46), 0), 0)), "")} | I52: {=IFERROR(INDEX(FORECAST!$D$12:$D$475, MATCH(1, INDEX((ISNUMBER(SEARCH($B52, FORECAST!$A$12:$A$475))) * (INT(FORECAST!$B$12:$B$475) <= I$46) * (INT(FORECAST!$C$12:$C$475) >= I$46), 0), 0)), "")} | J52: {=IFERROR(INDEX(FORECAST!$D$12:$D$475, MATCH(1, INDEX((ISNUMBER(SEARCH($B52, FORECAST!$A$12:$A$475))) * (INT(FORECAST!$B$12:$B$475) <= J$46) * (INT(FORECAST!$C$12:$C$475) >= J$46), 0), 0)), "")} -> Garantizado | ... AF52: {=IFERROR(INDEX(FORECAST!$D$12:$D$475, MATCH(1, INDEX((ISNUMBER(SEARCH($B52, FORECAST!$A$12:$A$475))) * (INT(FORECAST!$B$12:$B$475) <= AF$46) * (INT(FORECAST!$C$12:$C$475) >= AF$46), 0), 0)), "")} | AJ52: =COUNTIF(C52:AF52,"Garantizado")/30 -> 0.36666667
B53: LAS SIERRAS | C53: {=IFERROR(INDEX(FORECAST!$D$12:$D$475, MATCH(1, INDEX((ISNUMBER(SEARCH($B53, FORECAST!$A$12:$A$475))) * (INT(FORECAST!$B$12:$B$475) <= C$46) * (INT(FORECAST!$C$12:$C$475) >= C$46), 0), 0)), "")} | D53: {=IFERROR(INDEX(FORECAST!$D$12:$D$475, MATCH(1, INDEX((ISNUMBER(SEARCH($B53, FORECAST!$A$12:$A$475))) * (INT(FORECAST!$B$12:$B$475) <= D$46) * (INT(FORECAST!$C$12:$C$475) >= D$46), 0), 0)), "")} -> Tentativo | E53: {=IFERROR(INDEX(FORECAST!$D$12:$D$475, MATCH(1, INDEX((ISNUMBER(SEARCH($B53, FORECAST!$A$12:$A$475))) * (INT(FORECAST!$B$12:$B$475) <= E$46) * (INT(FORECAST!$C$12:$C$475) >= E$46), 0), 0)), "")} -> Tentativo | F53: {=IFERROR(INDEX(FORECAST!$D$12:$D$475, MATCH(1, INDEX((ISNUMBER(SEARCH($B53, FORECAST!$A$12:$A$475))) * (INT(FORECAST!$B$12:$B$475) <= F$46) * (INT(FORECAST!$C$12:$C$475) >= F$46), 0), 0)), "")} -> Tentativo | G53: {=IFERROR(INDEX(FORECAST!$D$12:$D$475, MATCH(1, INDEX((ISNUMBER(SEARCH($B53, FORECAST!$A$12:$A$475))) * (INT(FORECAST!$B$12:$B$475) <= G$46) * (INT(FORECAST!$C$12:$C$475) >= G$46), 0), 0)), "")} -> Tentativo | H53: {=IFERROR(INDEX(FORECAST!$D$12:$D$475, MATCH(1, INDEX((ISNUMBER(SEARCH($B53, FORECAST!$A$12:$A$475))) * (INT(FORECAST!$B$12:$B$475) <= H$46) * (INT(FORECAST!$C$12:$C$475) >= H$46), 0), 0)), "")} | I53: {=IFERROR(INDEX(FORECAST!$D$12:$D$475, MATCH(1, INDEX((ISNUMBER(SEARCH($B53, FORECAST!$A$12:$A$475))) * (INT(FORECAST!$B$12:$B$475) <= I$46) * (INT(FORECAST!$C$12:$C$475) >= I$46), 0), 0)), "")} -> Garantizado | J53: {=IFERROR(INDEX(FORECAST!$D$12:$D$475, MATCH(1, INDEX((ISNUMBER(SEARCH($B53, FORECAST!$A$12:$A$475))) * (INT(FORECAST!$B$12:$B$475) <= J$46) * (INT(FORECAST!$C$12:$C$475) >= J$46), 0), 0)), "")} -> Garantizado | ... AF53: {=IFERROR(INDEX(FORECAST!$D$12:$D$475, MATCH(1, INDEX((ISNUMBER(SEARCH($B53, FORECAST!$A$12:$A$475))) * (INT(FORECAST!$B$12:$B$475) <= AF$46) * (INT(FORECAST!$C$12:$C$475) >= AF$46), 0), 0)), "")} -> Tentativo | AJ53: =COUNTIF(C53:AF53,"Garantizado")/30 -> 0.26666667
B54: SAN JAVIER | C54: {=IFERROR(INDEX(FORECAST!$D$12:$D$475, MATCH(1, INDEX((ISNUMBER(SEARCH($B54, FORECAST!$A$12:$A$475))) * (INT(FORECAST!$B$12:$B$475) <= C$46) * (INT(FORECAST!$C$12:$C$475) >= C$46), 0), 0)), "")} | D54: {=IFERROR(INDEX(FORECAST!$D$12:$D$475, MATCH(1, INDEX((ISNUMBER(SEARCH($B54, FORECAST!$A$12:$A$475))) * (INT(FORECAST!$B$12:$B$475) <= D$46) * (INT(FORECAST!$C$12:$C$475) >= D$46), 0), 0)), "")} | E54: {=IFERROR(INDEX(FORECAST!$D$12:$D$475, MATCH(1, INDEX((ISNUMBER(SEARCH($B54, FORECAST!$A$12:$A$475))) * (INT(FORECAST!$B$12:$B$475) <= E$46) * (INT(FORECAST!$C$12:$C$475) >= E$46), 0), 0)), "")} | F54: {=IFERROR(INDEX(FORECAST!$D$12:$D$475, MATCH(1, INDEX((ISNUMBER(SEARCH($B54, FORECAST!$A$12:$A$475))) * (INT(FORECAST!$B$12:$B$475) <= F$46) * (INT(FORECAST!$C$12:$C$475) >= F$46), 0), 0)), "")} | G54: {=IFERROR(INDEX(FORECAST!$D$12:$D$475, MATCH(1, INDEX((ISNUMBER(SEARCH($B54, FORECAST!$A$12:$A$475))) * (INT(FORECAST!$B$12:$B$475) <= G$46) * (INT(FORECAST!$C$12:$C$475) >= G$46), 0), 0)), "")} | H54: {=IFERROR(INDEX(FORECAST!$D$12:$D$475, MATCH(1, INDEX((ISNUMBER(SEARCH($B54, FORECAST!$A$12:$A$475))) * (INT(FORECAST!$B$12:$B$475) <= H$46) * (INT(FORECAST!$C$12:$C$475) >= H$46), 0), 0)), "")} | I54: {=IFERROR(INDEX(FORECAST!$D$12:$D$475, MATCH(1, INDEX((ISNUMBER(SEARCH($B54, FORECAST!$A$12:$A$475))) * (INT(FORECAST!$B$12:$B$475) <= I$46) * (INT(FORECAST!$C$12:$C$475) >= I$46), 0), 0)), "")} | J54: {=IFERROR(INDEX(FORECAST!$D$12:$D$475, MATCH(1, INDEX((ISNUMBER(SEARCH($B54, FORECAST!$A$12:$A$475))) * (INT(FORECAST!$B$12:$B$475) <= J$46) * (INT(FORECAST!$C$12:$C$475) >= J$46), 0), 0)), "")} | ... AF54: {=IFERROR(INDEX(FORECAST!$D$12:$D$475, MATCH(1, INDEX((ISNUMBER(SEARCH($B54, FORECAST!$A$12:$A$475))) * (INT(FORECAST!$B$12:$B$475) <= AF$46) * (INT(FORECAST!$C$12:$C$475) >= AF$46), 0), 0)), "")} | AJ54: =COUNTIF(C54:AF54,"Garantizado")/30 -> 0.3
C56: VI | D56: SA | E56: DO | F56: LU | G56: MA | H56: MI | I56: JU | J56: VI | K56: SA | L56: DO | M56: LU | N56: MA | O56: MI | P56: JU | Q56: VI | R56: SÁ. | S56: DO. | T56: LU. | U56: MA. | V56: MI. | W56: JU. | X56: VI. | Y56: SÁ. | Z56: DO. | AA56: LU. | AB56: MA. | AC56: MI. | AD56: JU. | AE56: VI. | AF56: SÁ. | AG56: DO.
C57: 46143 | D57: 46144 | E57: 46145 | F57: 46146 | G57: 46147 | H57: 46148 | I57: 46149 | J57: 46150 | K57: 46151 | L57: 46152 | M57: 46153 | N57: 46154 | O57: 46155 | P57: 46156 | Q57: 46157 | R57: 46158 | S57: 46159 | T57: 46160 | U57: 46161 | V57: 46162 | W57: 46163 | X57: 46164 | Y57: 46165 | Z57: 46166 | AA57: 46167 | AB57: 46168 | AC57: 46169 | AD57: 46170 | AE57: 46171 | AF57: 46172 | AG57: 46173 | AJ57: Ocupación
A58: MAYO | B58: LUGONES | C58: {=IFERROR(INDEX(FORECAST!$D$12:$D$475, MATCH(1, INDEX((ISNUMBER(SEARCH($B58, FORECAST!$A$12:$A$475))) * (INT(FORECAST!$B$12:$B$475) <= C$57) * (INT(FORECAST!$C$12:$C$475) >= C$57), 0), 0)), "")} | D58: {=IFERROR(INDEX(FORECAST!$D$12:$D$475, MATCH(1, INDEX((ISNUMBER(SEARCH($B58, FORECAST!$A$12:$A$475))) * (INT(FORECAST!$B$12:$B$475) <= D$57) * (INT(FORECAST!$C$12:$C$475) >= D$57), 0), 0)), "")} | E58: {=IFERROR(INDEX(FORECAST!$D$12:$D$475, MATCH(1, INDEX((ISNUMBER(SEARCH($B58, FORECAST!$A$12:$A$475))) * (INT(FORECAST!$B$12:$B$475) <= E$57) * (INT(FORECAST!$C$12:$C$475) >= E$57), 0), 0)), "")} | F58: {=IFERROR(INDEX(FORECAST!$D$12:$D$475, MATCH(1, INDEX((ISNUMBER(SEARCH($B58, FORECAST!$A$12:$A$475))) * (INT(FORECAST!$B$12:$B$475) <= F$57) * (INT(FORECAST!$C$12:$C$475) >= F$57), 0), 0)), "")} -> Garantizado | G58: {=IFERROR(INDEX(FORECAST!$D$12:$D$475, MATCH(1, INDEX((ISNUMBER(SEARCH($B58, FORECAST!$A$12:$A$475))) * (INT(FORECAST!$B$12:$B$475) <= G$57) * (INT(FORECAST!$C$12:$C$475) >= G$57), 0), 0)), "")} -> Garantizado | H58: {=IFERROR(INDEX(FORECAST!$D$12:$D$475, MATCH(1, INDEX((ISNUMBER(SEARCH($B58, FORECAST!$A$12:$A$475))) * (INT(FORECAST!$B$12:$B$475) <= H$57) * (INT(FORECAST!$C$12:$C$475) >= H$57), 0), 0)), "")} -> Garantizado | I58: {=IFERROR(INDEX(FORECAST!$D$12:$D$475, MATCH(1, INDEX((ISNUMBER(SEARCH($B58, FORECAST!$A$12:$A$475))) * (INT(FORECAST!$B$12:$B$475) <= I$57) * (INT(FORECAST!$C$12:$C$475) >= I$57), 0), 0)), "")} -> Garantizado | J58: {=IFERROR(INDEX(FORECAST!$D$12:$D$475, MATCH(1, INDEX((ISNUMBER(SEARCH($B58, FORECAST!$A$12:$A$475))) * (INT(FORECAST!$B$12:$B$475) <= J$57) * (INT(FORECAST!$C$12:$C$475) >= J$57), 0), 0)), "")} -> Garantizado | ... AG58: {=IFERROR(INDEX(FORECAST!$D$12:$D$475, MATCH(1, INDEX((ISNUMBER(SEARCH($B58, FORECAST!$A$12:$A$475))) * (INT(FORECAST!$B$12:$B$475) <= AG$57) * (INT(FORECAST!$C$12:$C$475) >= AG$57), 0), 0)), "")} | AJ58: =COUNTIF(C58:AG58,"Garantizado")/31 -> 0.51612903
B59: CHAMPAQUI | C59: {=IFERROR(INDEX(FORECAST!$D$12:$D$475, MATCH(1, INDEX((ISNUMBER(SEARCH($B59, FORECAST!$A$12:$A$475))) * (INT(FORECAST!$B$12:$B$475) <= C$57) * (INT(FORECAST!$C$12:$C$475) >= C$57), 0), 0)), "")} | D59: {=IFERROR(INDEX(FORECAST!$D$12:$D$475, MATCH(1, INDEX((ISNUMBER(SEARCH($B59, FORECAST!$A$12:$A$475))) * (INT(FORECAST!$B$12:$B$475) <= D$57) * (INT(FORECAST!$C$12:$C$475) >= D$57), 0), 0)), "")} | E59: {=IFERROR(INDEX(FORECAST!$D$12:$D$475, MATCH(1, INDEX((ISNUMBER(SEARCH($B59, FORECAST!$A$12:$A$475))) * (INT(FORECAST!$B$12:$B$475) <= E$57) * (INT(FORECAST!$C$12:$C$475) >= E$57), 0), 0)), "")} | F59: {=IFERROR(INDEX(FORECAST!$D$12:$D$475, MATCH(1, INDEX((ISNUMBER(SEARCH($B59, FORECAST!$A$12:$A$475))) * (INT(FORECAST!$B$12:$B$475) <= F$57) * (INT(FORECAST!$C$12:$C$475) >= F$57), 0), 0)), "")} -> Tentativo | G59: {=IFERROR(INDEX(FORECAST!$D$12:$D$475, MATCH(1, INDEX((ISNUMBER(SEARCH($B59, FORECAST!$A$12:$A$475))) * (INT(FORECAST!$B$12:$B$475) <= G$57) * (INT(FORECAST!$C$12:$C$475) >= G$57), 0), 0)), "")} | H59: {=IFERROR(INDEX(FORECAST!$D$12:$D$475, MATCH(1, INDEX((ISNUMBER(SEARCH($B59, FORECAST!$A$12:$A$475))) * (INT(FORECAST!$B$12:$B$475) <= H$57) * (INT(FORECAST!$C$12:$C$475) >= H$57), 0), 0)), "")} -> Garantizado | I59: {=IFERROR(INDEX(FORECAST!$D$12:$D$475, MATCH(1, INDEX((ISNUMBER(SEARCH($B59, FORECAST!$A$12:$A$475))) * (INT(FORECAST!$B$12:$B$475) <= I$57) * (INT(FORECAST!$C$12:$C$475) >= I$57), 0), 0)), "")} -> Garantizado | J59: {=IFERROR(INDEX(FORECAST!$D$12:$D$475, MATCH(1, INDEX((ISNUMBER(SEARCH($B59, FORECAST!$A$12:$A$475))) * (INT(FORECAST!$B$12:$B$475) <= J$57) * (INT(FORECAST!$C$12:$C$475) >= J$57), 0), 0)), "")} | ... AG59: {=IFERROR(INDEX(FORECAST!$D$12:$D$475, MATCH(1, INDEX((ISNUMBER(SEARCH($B59, FORECAST!$A$12:$A$475))) * (INT(FORECAST!$B$12:$B$475) <= AG$57) * (INT(FORECAST!$C$12:$C$475) >= AG$57), 0), 0)), "")} | AJ59: =COUNTIF(C59:AG59,"Garantizado")/31 -> 0.19354839 | AL59: Ocupación Mensual Total
B60: TERRAZA | C60: {=IFERROR(INDEX(FORECAST!$D$12:$D$475, MATCH(1, INDEX((ISNUMBER(SEARCH($B60, FORECAST!$A$12:$A$475))) * (INT(FORECAST!$B$12:$B$475) <= C$57) * (INT(FORECAST!$C$12:$C$475) >= C$57), 0), 0)), "")} | D60: {=IFERROR(INDEX(FORECAST!$D$12:$D$475, MATCH(1, INDEX((ISNUMBER(SEARCH($B60, FORECAST!$A$12:$A$475))) * (INT(FORECAST!$B$12:$B$475) <= D$57) * (INT(FORECAST!$C$12:$C$475) >= D$57), 0), 0)), "")} | E60: {=IFERROR(INDEX(FORECAST!$D$12:$D$475, MATCH(1, INDEX((ISNUMBER(SEARCH($B60, FORECAST!$A$12:$A$475))) * (INT(FORECAST!$B$12:$B$475) <= E$57) * (INT(FORECAST!$C$12:$C$475) >= E$57), 0), 0)), "")} | F60: {=IFERROR(INDEX(FORECAST!$D$12:$D$475, MATCH(1, INDEX((ISNUMBER(SEARCH($B60, FORECAST!$A$12:$A$475))) * (INT(FORECAST!$B$12:$B$475) <= F$57) * (INT(FORECAST!$C$12:$C$475) >= F$57), 0), 0)), "")} | G60: {=IFERROR(INDEX(FORECAST!$D$12:$D$475, MATCH(1, INDEX((ISNUMBER(SEARCH($B60, FORECAST!$A$12:$A$475))) * (INT(FORECAST!$B$12:$B$475) <= G$57) * (INT(FORECAST!$C$12:$C$475) >= G$57), 0), 0)), "")} | H60: {=IFERROR(INDEX(FORECAST!$D$12:$D$475, MATCH(1, INDEX((ISNUMBER(SEARCH($B60, FORECAST!$A$12:$A$475))) * (INT(FORECAST!$B$12:$B$475) <= H$57) * (INT(FORECAST!$C$12:$C$475) >= H$57), 0), 0)), "")} -> Tentativo | I60: {=IFERROR(INDEX(FORECAST!$D$12:$D$475, MATCH(1, INDEX((ISNUMBER(SEARCH($B60, FORECAST!$A$12:$A$475))) * (INT(FORECAST!$B$12:$B$475) <= I$57) * (INT(FORECAST!$C$12:$C$475) >= I$57), 0), 0)), "")} -> Garantizado | J60: {=IFERROR(INDEX(FORECAST!$D$12:$D$475, MATCH(1, INDEX((ISNUMBER(SEARCH($B60, FORECAST!$A$12:$A$475))) * (INT(FORECAST!$B$12:$B$475) <= J$57) * (INT(FORECAST!$C$12:$C$475) >= J$57), 0), 0)), "")} | ... AG60: {=IFERROR(INDEX(FORECAST!$D$12:$D$475, MATCH(1, INDEX((ISNUMBER(SEARCH($B60, FORECAST!$A$12:$A$475))) * (INT(FORECAST!$B$12:$B$475) <= AG$57) * (INT(FORECAST!$C$12:$C$475) >= AG$57), 0), 0)), "")} | AJ60: =COUNTIF(C60:AG60,"Garantizado")/31 -> 0.35483871 | AL60: =COUNTIF('PLANNING 2026'!C58:AG65,"Garantizado")/COUNTA('PLANNING 2026'!C58:AG65) -> 0.20967742
B61: URITORCO | C61: {=IFERROR(INDEX(FORECAST!$D$12:$D$475, MATCH(1, INDEX((ISNUMBER(SEARCH($B61, FORECAST!$A$12:$A$475))) * (INT(FORECAST!$B$12:$B$475) <= C$57) * (INT(FORECAST!$C$12:$C$475) >= C$57), 0), 0)), "")} | D61: {=IFERROR(INDEX(FORECAST!$D$12:$D$475, MATCH(1, INDEX((ISNUMBER(SEARCH($B61, FORECAST!$A$12:$A$475))) * (INT(FORECAST!$B$12:$B$475) <= D$57) * (INT(FORECAST!$C$12:$C$475) >= D$57), 0), 0)), "")} | E61: {=IFERROR(INDEX(FORECAST!$D$12:$D$475, MATCH(1, INDEX((ISNUMBER(SEARCH($B61, FORECAST!$A$12:$A$475))) * (INT(FORECAST!$B$12:$B$475) <= E$57) * (INT(FORECAST!$C$12:$C$475) >= E$57), 0), 0)), "")} | F61: {=IFERROR(INDEX(FORECAST!$D$12:$D$475, MATCH(1, INDEX((ISNUMBER(SEARCH($B61, FORECAST!$A$12:$A$475))) * (INT(FORECAST!$B$12:$B$475) <= F$57) * (INT(FORECAST!$C$12:$C$475) >= F$57), 0), 0)), "")} | G61: {=IFERROR(INDEX(FORECAST!$D$12:$D$475, MATCH(1, INDEX((ISNUMBER(SEARCH($B61, FORECAST!$A$12:$A$475))) * (INT(FORECAST!$B$12:$B$475) <= G$57) * (INT(FORECAST!$C$12:$C$475) >= G$57), 0), 0)), "")} | H61: {=IFERROR(INDEX(FORECAST!$D$12:$D$475, MATCH(1, INDEX((ISNUMBER(SEARCH($B61, FORECAST!$A$12:$A$475))) * (INT(FORECAST!$B$12:$B$475) <= H$57) * (INT(FORECAST!$C$12:$C$475) >= H$57), 0), 0)), "")} -> Garantizado | I61: {=IFERROR(INDEX(FORECAST!$D$12:$D$475, MATCH(1, INDEX((ISNUMBER(SEARCH($B61, FORECAST!$A$12:$A$475))) * (INT(FORECAST!$B$12:$B$475) <= I$57) * (INT(FORECAST!$C$12:$C$475) >= I$57), 0), 0)), "")} -> Garantizado | J61: {=IFERROR(INDEX(FORECAST!$D$12:$D$475, MATCH(1, INDEX((ISNUMBER(SEARCH($B61, FORECAST!$A$12:$A$475))) * (INT(FORECAST!$B$12:$B$475) <= J$57) * (INT(FORECAST!$C$12:$C$475) >= J$57), 0), 0)), "")} | ... AG61: {=IFERROR(INDEX(FORECAST!$D$12:$D$475, MATCH(1, INDEX((ISNUMBER(SEARCH($B61, FORECAST!$A$12:$A$475))) * (INT(FORECAST!$B$12:$B$475) <= AG$57) * (INT(FORECAST!$C$12:$C$475) >= AG$57), 0), 0)), "")} | AJ61: =COUNTIF(C61:AG61,"Garantizado")/31 -> 0.19354839
B62: SUQUIA | C62: {=IFERROR(INDEX(FORECAST!$D$12:$D$475, MATCH(1, INDEX((ISNUMBER(SEARCH($B62, FORECAST!$A$12:$A$475))) * (INT(FORECAST!$B$12:$B$475) <= C$57) * (INT(FORECAST!$C$12:$C$475) >= C$57), 0), 0)), "")} | D62: {=IFERROR(INDEX(FORECAST!$D$12:$D$475, MATCH(1, INDEX((ISNUMBER(SEARCH($B62, FORECAST!$A$12:$A$475))) * (INT(FORECAST!$B$12:$B$475) <= D$57) * (INT(FORECAST!$C$12:$C$475) >= D$57), 0), 0)), "")} | E62: {=IFERROR(INDEX(FORECAST!$D$12:$D$475, MATCH(1, INDEX((ISNUMBER(SEARCH($B62, FORECAST!$A$12:$A$475))) * (INT(FORECAST!$B$12:$B$475) <= E$57) * (INT(FORECAST!$C$12:$C$475) >= E$57), 0), 0)), "")} | F62: {=IFERROR(INDEX(FORECAST!$D$12:$D$475, MATCH(1, INDEX((ISNUMBER(SEARCH($B62, FORECAST!$A$12:$A$475))) * (INT(FORECAST!$B$12:$B$475) <= F$57) * (INT(FORECAST!$C$12:$C$475) >= F$57), 0), 0)), "")} | G62: {=IFERROR(INDEX(FORECAST!$D$12:$D$475, MATCH(1, INDEX((ISNUMBER(SEARCH($B62, FORECAST!$A$12:$A$475))) * (INT(FORECAST!$B$12:$B$475) <= G$57) * (INT(FORECAST!$C$12:$C$475) >= G$57), 0), 0)), "")} | H62: {=IFERROR(INDEX(FORECAST!$D$12:$D$475, MATCH(1, INDEX((ISNUMBER(SEARCH($B62, FORECAST!$A$12:$A$475))) * (INT(FORECAST!$B$12:$B$475) <= H$57) * (INT(FORECAST!$C$12:$C$475) >= H$57), 0), 0)), "")} -> Garantizado | I62: {=IFERROR(INDEX(FORECAST!$D$12:$D$475, MATCH(1, INDEX((ISNUMBER(SEARCH($B62, FORECAST!$A$12:$A$475))) * (INT(FORECAST!$B$12:$B$475) <= I$57) * (INT(FORECAST!$C$12:$C$475) >= I$57), 0), 0)), "")} | J62: {=IFERROR(INDEX(FORECAST!$D$12:$D$475, MATCH(1, INDEX((ISNUMBER(SEARCH($B62, FORECAST!$A$12:$A$475))) * (INT(FORECAST!$B$12:$B$475) <= J$57) * (INT(FORECAST!$C$12:$C$475) >= J$57), 0), 0)), "")} -> Tentativo | ... AG62: {=IFERROR(INDEX(FORECAST!$D$12:$D$475, MATCH(1, INDEX((ISNUMBER(SEARCH($B62, FORECAST!$A$12:$A$475))) * (INT(FORECAST!$B$12:$B$475) <= AG$57) * (INT(FORECAST!$C$12:$C$475) >= AG$57), 0), 0)), "")} | AJ62: =COUNTIF(C62:AG62,"Garantizado")/31 -> 0.12903226
B63: YACANTO | C63: {=IFERROR(INDEX(FORECAST!$D$12:$D$475, MATCH(1, INDEX((ISNUMBER(SEARCH($B63, FORECAST!$A$12:$A$475))) * (INT(FORECAST!$B$12:$B$475) <= C$57) * (INT(FORECAST!$C$12:$C$475) >= C$57), 0), 0)), "")} | D63: {=IFERROR(INDEX(FORECAST!$D$12:$D$475, MATCH(1, INDEX((ISNUMBER(SEARCH($B63, FORECAST!$A$12:$A$475))) * (INT(FORECAST!$B$12:$B$475) <= D$57) * (INT(FORECAST!$C$12:$C$475) >= D$57), 0), 0)), "")} | E63: {=IFERROR(INDEX(FORECAST!$D$12:$D$475, MATCH(1, INDEX((ISNUMBER(SEARCH($B63, FORECAST!$A$12:$A$475))) * (INT(FORECAST!$B$12:$B$475) <= E$57) * (INT(FORECAST!$C$12:$C$475) >= E$57), 0), 0)), "")} | F63: {=IFERROR(INDEX(FORECAST!$D$12:$D$475, MATCH(1, INDEX((ISNUMBER(SEARCH($B63, FORECAST!$A$12:$A$475))) * (INT(FORECAST!$B$12:$B$475) <= F$57) * (INT(FORECAST!$C$12:$C$475) >= F$57), 0), 0)), "")} | G63: {=IFERROR(INDEX(FORECAST!$D$12:$D$475, MATCH(1, INDEX((ISNUMBER(SEARCH($B63, FORECAST!$A$12:$A$475))) * (INT(FORECAST!$B$12:$B$475) <= G$57) * (INT(FORECAST!$C$12:$C$475) >= G$57), 0), 0)), "")} | H63: {=IFERROR(INDEX(FORECAST!$D$12:$D$475, MATCH(1, INDEX((ISNUMBER(SEARCH($B63, FORECAST!$A$12:$A$475))) * (INT(FORECAST!$B$12:$B$475) <= H$57) * (INT(FORECAST!$C$12:$C$475) >= H$57), 0), 0)), "")} -> Garantizado | I63: {=IFERROR(INDEX(FORECAST!$D$12:$D$475, MATCH(1, INDEX((ISNUMBER(SEARCH($B63, FORECAST!$A$12:$A$475))) * (INT(FORECAST!$B$12:$B$475) <= I$57) * (INT(FORECAST!$C$12:$C$475) >= I$57), 0), 0)), "")} | J63: {=IFERROR(INDEX(FORECAST!$D$12:$D$475, MATCH(1, INDEX((ISNUMBER(SEARCH($B63, FORECAST!$A$12:$A$475))) * (INT(FORECAST!$B$12:$B$475) <= J$57) * (INT(FORECAST!$C$12:$C$475) >= J$57), 0), 0)), "")} | ... AG63: {=IFERROR(INDEX(FORECAST!$D$12:$D$475, MATCH(1, INDEX((ISNUMBER(SEARCH($B63, FORECAST!$A$12:$A$475))) * (INT(FORECAST!$B$12:$B$475) <= AG$57) * (INT(FORECAST!$C$12:$C$475) >= AG$57), 0), 0)), "")} | AJ63: =COUNTIF(C63:AG63,"Garantizado")/31 -> 0.032258065
B64: LAS SIERRAS | C64: {=IFERROR(INDEX(FORECAST!$D$12:$D$475, MATCH(1, INDEX((ISNUMBER(SEARCH($B64, FORECAST!$A$12:$A$475))) * (INT(FORECAST!$B$12:$B$475) <= C$57) * (INT(FORECAST!$C$12:$C$475) >= C$57), 0), 0)), "")} | D64: {=IFERROR(INDEX(FORECAST!$D$12:$D$475, MATCH(1, INDEX((ISNUMBER(SEARCH($B64, FORECAST!$A$12:$A$475))) * (INT(FORECAST!$B$12:$B$475) <= D$57) * (INT(FORECAST!$C$12:$C$475) >= D$57), 0), 0)), "")} | E64: {=IFERROR(INDEX(FORECAST!$D$12:$D$475, MATCH(1, INDEX((ISNUMBER(SEARCH($B64, FORECAST!$A$12:$A$475))) * (INT(FORECAST!$B$12:$B$475) <= E$57) * (INT(FORECAST!$C$12:$C$475) >= E$57), 0), 0)), "")} | F64: {=IFERROR(INDEX(FORECAST!$D$12:$D$475, MATCH(1, INDEX((ISNUMBER(SEARCH($B64, FORECAST!$A$12:$A$475))) * (INT(FORECAST!$B$12:$B$475) <= F$57) * (INT(FORECAST!$C$12:$C$475) >= F$57), 0), 0)), "")} | G64: {=IFERROR(INDEX(FORECAST!$D$12:$D$475, MATCH(1, INDEX((ISNUMBER(SEARCH($B64, FORECAST!$A$12:$A$475))) * (INT(FORECAST!$B$12:$B$475) <= G$57) * (INT(FORECAST!$C$12:$C$475) >= G$57), 0), 0)), "")} | H64: {=IFERROR(INDEX(FORECAST!$D$12:$D$475, MATCH(1, INDEX((ISNUMBER(SEARCH($B64, FORECAST!$A$12:$A$475))) * (INT(FORECAST!$B$12:$B$475) <= H$57) * (INT(FORECAST!$C$12:$C$475) >= H$57), 0), 0)), "")} -> Presupuesto | I64: {=IFERROR(INDEX(FORECAST!$D$12:$D$475, MATCH(1, INDEX((ISNUMBER(SEARCH($B64, FORECAST!$A$12:$A$475))) * (INT(FORECAST!$B$12:$B$475) <= I$57) * (INT(FORECAST!$C$12:$C$475) >= I$57), 0), 0)), "")} -> Garantizado | J64: {=IFERROR(INDEX(FORECAST!$D$12:$D$475, MATCH(1, INDEX((ISNUMBER(SEARCH($B64, FORECAST!$A$12:$A$475))) * (INT(FORECAST!$B$12:$B$475) <= J$57) * (INT(FORECAST!$C$12:$C$475) >= J$57), 0), 0)), "")} | ... AG64: {=IFERROR(INDEX(FORECAST!$D$12:$D$475, MATCH(1, INDEX((ISNUMBER(SEARCH($B64, FORECAST!$A$12:$A$475))) * (INT(FORECAST!$B$12:$B$475) <= AG$57) * (INT(FORECAST!$C$12:$C$475) >= AG$57), 0), 0)), "")} | AJ64: =COUNTIF(C64:AG64,"Garantizado")/31 -> 0.16129032
B65: SAN JAVIER | C65: {=IFERROR(INDEX(FORECAST!$D$12:$D$475, MATCH(1, INDEX((ISNUMBER(SEARCH($B65, FORECAST!$A$12:$A$475))) * (INT(FORECAST!$B$12:$B$475) <= C$57) * (INT(FORECAST!$C$12:$C$475) >= C$57), 0), 0)), "")} | D65: {=IFERROR(INDEX(FORECAST!$D$12:$D$475, MATCH(1, INDEX((ISNUMBER(SEARCH($B65, FORECAST!$A$12:$A$475))) * (INT(FORECAST!$B$12:$B$475) <= D$57) * (INT(FORECAST!$C$12:$C$475) >= D$57), 0), 0)), "")} | E65: {=IFERROR(INDEX(FORECAST!$D$12:$D$475, MATCH(1, INDEX((ISNUMBER(SEARCH($B65, FORECAST!$A$12:$A$475))) * (INT(FORECAST!$B$12:$B$475) <= E$57) * (INT(FORECAST!$C$12:$C$475) >= E$57), 0), 0)), "")} | F65: {=IFERROR(INDEX(FORECAST!$D$12:$D$475, MATCH(1, INDEX((ISNUMBER(SEARCH($B65, FORECAST!$A$12:$A$475))) * (INT(FORECAST!$B$12:$B$475) <= F$57) * (INT(FORECAST!$C$12:$C$475) >= F$57), 0), 0)), "")} | G65: {=IFERROR(INDEX(FORECAST!$D$12:$D$475, MATCH(1, INDEX((ISNUMBER(SEARCH($B65, FORECAST!$A$12:$A$475))) * (INT(FORECAST!$B$12:$B$475) <= G$57) * (INT(FORECAST!$C$12:$C$475) >= G$57), 0), 0)), "")} | H65: {=IFERROR(INDEX(FORECAST!$D$12:$D$475, MATCH(1, INDEX((ISNUMBER(SEARCH($B65, FORECAST!$A$12:$A$475))) * (INT(FORECAST!$B$12:$B$475) <= H$57) * (INT(FORECAST!$C$12:$C$475) >= H$57), 0), 0)), "")} | I65: {=IFERROR(INDEX(FORECAST!$D$12:$D$475, MATCH(1, INDEX((ISNUMBER(SEARCH($B65, FORECAST!$A$12:$A$475))) * (INT(FORECAST!$B$12:$B$475) <= I$57) * (INT(FORECAST!$C$12:$C$475) >= I$57), 0), 0)), "")} | J65: {=IFERROR(INDEX(FORECAST!$D$12:$D$475, MATCH(1, INDEX((ISNUMBER(SEARCH($B65, FORECAST!$A$12:$A$475))) * (INT(FORECAST!$B$12:$B$475) <= J$57) * (INT(FORECAST!$C$12:$C$475) >= J$57), 0), 0)), "")} | ... AG65: {=IFERROR(INDEX(FORECAST!$D$12:$D$475, MATCH(1, INDEX((ISNUMBER(SEARCH($B65, FORECAST!$A$12:$A$475))) * (INT(FORECAST!$B$12:$B$475) <= AG$57) * (INT(FORECAST!$C$12:$C$475) >= AG$57), 0), 0)), "")} | AJ65: =COUNTIF(C65:AG65,"Garantizado")/31 -> 0.096774194
AE66: {=IFERROR(INDEX(FORECAST!$E$12:$E$475, MATCH(1, INDEX((ISNUMBER(SEARCH($C66, FORECAST!$A$12:$A$475))) * (FORECAST!$B$12:$B$475 <= AE$37) * (FORECAST!$C$12:$C$475 >= AE$37), 0), 0)), "")} | AF66: {=IFERROR(INDEX(FORECAST!$E$12:$E$475, MATCH(1, INDEX((ISNUMBER(SEARCH($C66, FORECAST!$A$12:$A$475))) * (FORECAST!$B$12:$B$475 <= AF$37) * (FORECAST!$C$12:$C$475 >= AF$37), 0), 0)), "")} | AG66: {=IFERROR(INDEX(FORECAST!$E$12:$E$475, MATCH(1, INDEX((ISNUMBER(SEARCH($C66, FORECAST!$A$12:$A$475))) * (FORECAST!$B$12:$B$475 <= AG$37) * (FORECAST!$C$12:$C$475 >= AG$37), 0), 0)), "")}
C68: LU | D68: MA | E68: MI | F68: JU | G68: VI | H68: SA | I68: DO | J68: LU | K68: MA | L68: MI | M68: JU | N68: VI | O68: SA | P68: DO | Q68: LU | R68: MA | S68: MI | T68: JU | U68: VI | V68: SÁ. | W68: DO. | X68: LU. | Y68: MA. | Z68: MI. | AA68: JU. | AB68: VI. | AC68: SÁ. | AD68: DO. | AE68: LU. | AF68: MA.
C69: 46174 | D69: 46175 | E69: 46176 | F69: 46177 | G69: 46178 | H69: 46179 | I69: 46180 | J69: 46181 | K69: 46182 | L69: 46183 | M69: 46184 | N69: 46185 | O69: 46186 | P69: 46187 | Q69: 46188 | R69: 46189 | S69: 46190 | T69: 46191 | U69: 46192 | V69: 46193 | W69: 46194 | X69: 46195 | Y69: 46196 | Z69: 46197 | AA69: 46198 | AB69: 46199 | AC69: 46200 | AD69: 46201 | AE69: 46202 | AF69: 46203 | AJ69: Ocupación
A70: JUNIO | B70: LUGONES | C70: {=IFERROR(INDEX(FORECAST!$D$12:$D$475, MATCH(1, INDEX((ISNUMBER(SEARCH($B70, FORECAST!$A$12:$A$475))) * (INT(FORECAST!$B$12:$B$475) <= C$69) * (INT(FORECAST!$C$12:$C$475) >= C$69), 0), 0)), "")} | D70: {=IFERROR(INDEX(FORECAST!$D$12:$D$475, MATCH(1, INDEX((ISNUMBER(SEARCH($B70, FORECAST!$A$12:$A$475))) * (INT(FORECAST!$B$12:$B$475) <= D$69) * (INT(FORECAST!$C$12:$C$475) >= D$69), 0), 0)), "")} | E70: {=IFERROR(INDEX(FORECAST!$D$12:$D$475, MATCH(1, INDEX((ISNUMBER(SEARCH($B70, FORECAST!$A$12:$A$475))) * (INT(FORECAST!$B$12:$B$475) <= E$69) * (INT(FORECAST!$C$12:$C$475) >= E$69), 0), 0)), "")} -> Garantizado | F70: {=IFERROR(INDEX(FORECAST!$D$12:$D$475, MATCH(1, INDEX((ISNUMBER(SEARCH($B70, FORECAST!$A$12:$A$475))) * (INT(FORECAST!$B$12:$B$475) <= F$69) * (INT(FORECAST!$C$12:$C$475) >= F$69), 0), 0)), "")} -> Garantizado | G70: {=IFERROR(INDEX(FORECAST!$D$12:$D$475, MATCH(1, INDEX((ISNUMBER(SEARCH($B70, FORECAST!$A$12:$A$475))) * (INT(FORECAST!$B$12:$B$475) <= G$69) * (INT(FORECAST!$C$12:$C$475) >= G$69), 0), 0)), "")} -> Garantizado | H70: {=IFERROR(INDEX(FORECAST!$D$12:$D$475, MATCH(1, INDEX((ISNUMBER(SEARCH($B70, FORECAST!$A$12:$A$475))) * (INT(FORECAST!$B$12:$B$475) <= H$69) * (INT(FORECAST!$C$12:$C$475) >= H$69), 0), 0)), "")} -> Garantizado | I70: {=IFERROR(INDEX(FORECAST!$D$12:$D$475, MATCH(1, INDEX((ISNUMBER(SEARCH($B70, FORECAST!$A$12:$A$475))) * (INT(FORECAST!$B$12:$B$475) <= I$69) * (INT(FORECAST!$C$12:$C$475) >= I$69), 0), 0)), "")} | J70: {=IFERROR(INDEX(FORECAST!$D$12:$D$475, MATCH(1, INDEX((ISNUMBER(SEARCH($B70, FORECAST!$A$12:$A$475))) * (INT(FORECAST!$B$12:$B$475) <= J$69) * (INT(FORECAST!$C$12:$C$475) >= J$69), 0), 0)), "")} | ... AF70: {=IFERROR(INDEX(FORECAST!$D$12:$D$475, MATCH(1, INDEX((ISNUMBER(SEARCH($B70, FORECAST!$A$12:$A$475))) * (INT(FORECAST!$B$12:$B$475) <= AF$69) * (INT(FORECAST!$C$12:$C$475) >= AF$69), 0), 0)), "")} -> Tentativo | AJ70: =COUNTIF(C70:AF70,"Garantizado")/30 -> 0.33333333
B71: CHAMPAQUI | C71: {=IFERROR(INDEX(FORECAST!$D$12:$D$475, MATCH(1, INDEX((ISNUMBER(SEARCH($B71, FORECAST!$A$12:$A$475))) * (INT(FORECAST!$B$12:$B$475) <= C$69) * (INT(FORECAST!$C$12:$C$475) >= C$69), 0), 0)), "")} | D71: {=IFERROR(INDEX(FORECAST!$D$12:$D$475, MATCH(1, INDEX((ISNUMBER(SEARCH($B71, FORECAST!$A$12:$A$475))) * (INT(FORECAST!$B$12:$B$475) <= D$69) * (INT(FORECAST!$C$12:$C$475) >= D$69), 0), 0)), "")} | E71: {=IFERROR(INDEX(FORECAST!$D$12:$D$475, MATCH(1, INDEX((ISNUMBER(SEARCH($B71, FORECAST!$A$12:$A$475))) * (INT(FORECAST!$B$12:$B$475) <= E$69) * (INT(FORECAST!$C$12:$C$475) >= E$69), 0), 0)), "")} -> Garantizado | F71: {=IFERROR(INDEX(FORECAST!$D$12:$D$475, MATCH(1, INDEX((ISNUMBER(SEARCH($B71, FORECAST!$A$12:$A$475))) * (INT(FORECAST!$B$12:$B$475) <= F$69) * (INT(FORECAST!$C$12:$C$475) >= F$69), 0), 0)), "")} -> Garantizado | G71: {=IFERROR(INDEX(FORECAST!$D$12:$D$475, MATCH(1, INDEX((ISNUMBER(SEARCH($B71, FORECAST!$A$12:$A$475))) * (INT(FORECAST!$B$12:$B$475) <= G$69) * (INT(FORECAST!$C$12:$C$475) >= G$69), 0), 0)), "")} -> Garantizado | H71: {=IFERROR(INDEX(FORECAST!$D$12:$D$475, MATCH(1, INDEX((ISNUMBER(SEARCH($B71, FORECAST!$A$12:$A$475))) * (INT(FORECAST!$B$12:$B$475) <= H$69) * (INT(FORECAST!$C$12:$C$475) >= H$69), 0), 0)), "")} -> Garantizado | I71: {=IFERROR(INDEX(FORECAST!$D$12:$D$475, MATCH(1, INDEX((ISNUMBER(SEARCH($B71, FORECAST!$A$12:$A$475))) * (INT(FORECAST!$B$12:$B$475) <= I$69) * (INT(FORECAST!$C$12:$C$475) >= I$69), 0), 0)), "")} | J71: {=IFERROR(INDEX(FORECAST!$D$12:$D$475, MATCH(1, INDEX((ISNUMBER(SEARCH($B71, FORECAST!$A$12:$A$475))) * (INT(FORECAST!$B$12:$B$475) <= J$69) * (INT(FORECAST!$C$12:$C$475) >= J$69), 0), 0)), "")} | ... AF71: {=IFERROR(INDEX(FORECAST!$D$12:$D$475, MATCH(1, INDEX((ISNUMBER(SEARCH($B71, FORECAST!$A$12:$A$475))) * (INT(FORECAST!$B$12:$B$475) <= AF$69) * (INT(FORECAST!$C$12:$C$475) >= AF$69), 0), 0)), "")} -> Tentativo | AJ71: =COUNTIF(C71:AF71,"Garantizado")/30 -> 0.23333333 | AL71: Ocupación Mensual Total
B72: TERRAZA | C72: {=IFERROR(INDEX(FORECAST!$D$12:$D$475, MATCH(1, INDEX((ISNUMBER(SEARCH($B72, FORECAST!$A$12:$A$475))) * (INT(FORECAST!$B$12:$B$475) <= C$69) * (INT(FORECAST!$C$12:$C$475) >= C$69), 0), 0)), "")} | D72: {=IFERROR(INDEX(FORECAST!$D$12:$D$475, MATCH(1, INDEX((ISNUMBER(SEARCH($B72, FORECAST!$A$12:$A$475))) * (INT(FORECAST!$B$12:$B$475) <= D$69) * (INT(FORECAST!$C$12:$C$475) >= D$69), 0), 0)), "")} | E72: {=IFERROR(INDEX(FORECAST!$D$12:$D$475, MATCH(1, INDEX((ISNUMBER(SEARCH($B72, FORECAST!$A$12:$A$475))) * (INT(FORECAST!$B$12:$B$475) <= E$69) * (INT(FORECAST!$C$12:$C$475) >= E$69), 0), 0)), "")} -> Garantizado | F72: {=IFERROR(INDEX(FORECAST!$D$12:$D$475, MATCH(1, INDEX((ISNUMBER(SEARCH($B72, FORECAST!$A$12:$A$475))) * (INT(FORECAST!$B$12:$B$475) <= F$69) * (INT(FORECAST!$C$12:$C$475) >= F$69), 0), 0)), "")} -> Garantizado | G72: {=IFERROR(INDEX(FORECAST!$D$12:$D$475, MATCH(1, INDEX((ISNUMBER(SEARCH($B72, FORECAST!$A$12:$A$475))) * (INT(FORECAST!$B$12:$B$475) <= G$69) * (INT(FORECAST!$C$12:$C$475) >= G$69), 0), 0)), "")} -> Garantizado | H72: {=IFERROR(INDEX(FORECAST!$D$12:$D$475, MATCH(1, INDEX((ISNUMBER(SEARCH($B72, FORECAST!$A$12:$A$475))) * (INT(FORECAST!$B$12:$B$475) <= H$69) * (INT(FORECAST!$C$12:$C$475) >= H$69), 0), 0)), "")} -> Garantizado | I72: {=IFERROR(INDEX(FORECAST!$D$12:$D$475, MATCH(1, INDEX((ISNUMBER(SEARCH($B72, FORECAST!$A$12:$A$475))) * (INT(FORECAST!$B$12:$B$475) <= I$69) * (INT(FORECAST!$C$12:$C$475) >= I$69), 0), 0)), "")} | J72: {=IFERROR(INDEX(FORECAST!$D$12:$D$475, MATCH(1, INDEX((ISNUMBER(SEARCH($B72, FORECAST!$A$12:$A$475))) * (INT(FORECAST!$B$12:$B$475) <= J$69) * (INT(FORECAST!$C$12:$C$475) >= J$69), 0), 0)), "")} | ... AF72: {=IFERROR(INDEX(FORECAST!$D$12:$D$475, MATCH(1, INDEX((ISNUMBER(SEARCH($B72, FORECAST!$A$12:$A$475))) * (INT(FORECAST!$B$12:$B$475) <= AF$69) * (INT(FORECAST!$C$12:$C$475) >= AF$69), 0), 0)), "")} | AJ72: =COUNTIF(C72:AF72,"Garantizado")/30 -> 0.26666667 | AL72: =COUNTIF('PLANNING 2026'!C70:AF76,"Garantizado")/COUNTA('PLANNING 2026'!C70:AF76) -> 0.2047619
B73: URITORCO | C73: {=IFERROR(INDEX(FORECAST!$D$12:$D$475, MATCH(1, INDEX((ISNUMBER(SEARCH($B73, FORECAST!$A$12:$A$475))) * (INT(FORECAST!$B$12:$B$475) <= C$69) * (INT(FORECAST!$C$12:$C$475) >= C$69), 0), 0)), "")} | D73: {=IFERROR(INDEX(FORECAST!$D$12:$D$475, MATCH(1, INDEX((ISNUMBER(SEARCH($B73, FORECAST!$A$12:$A$475))) * (INT(FORECAST!$B$12:$B$475) <= D$69) * (INT(FORECAST!$C$12:$C$475) >= D$69), 0), 0)), "")} | E73: {=IFERROR(INDEX(FORECAST!$D$12:$D$475, MATCH(1, INDEX((ISNUMBER(SEARCH($B73, FORECAST!$A$12:$A$475))) * (INT(FORECAST!$B$12:$B$475) <= E$69) * (INT(FORECAST!$C$12:$C$475) >= E$69), 0), 0)), "")} -> Garantizado | F73: {=IFERROR(INDEX(FORECAST!$D$12:$D$475, MATCH(1, INDEX((ISNUMBER(SEARCH($B73, FORECAST!$A$12:$A$475))) * (INT(FORECAST!$B$12:$B$475) <= F$69) * (INT(FORECAST!$C$12:$C$475) >= F$69), 0), 0)), "")} -> Garantizado | G73: {=IFERROR(INDEX(FORECAST!$D$12:$D$475, MATCH(1, INDEX((ISNUMBER(SEARCH($B73, FORECAST!$A$12:$A$475))) * (INT(FORECAST!$B$12:$B$475) <= G$69) * (INT(FORECAST!$C$12:$C$475) >= G$69), 0), 0)), "")} -> Garantizado | H73: {=IFERROR(INDEX(FORECAST!$D$12:$D$475, MATCH(1, INDEX((ISNUMBER(SEARCH($B73, FORECAST!$A$12:$A$475))) * (INT(FORECAST!$B$12:$B$475) <= H$69) * (INT(FORECAST!$C$12:$C$475) >= H$69), 0), 0)), "")} -> Garantizado | I73: {=IFERROR(INDEX(FORECAST!$D$12:$D$475, MATCH(1, INDEX((ISNUMBER(SEARCH($B73, FORECAST!$A$12:$A$475))) * (INT(FORECAST!$B$12:$B$475) <= I$69) * (INT(FORECAST!$C$12:$C$475) >= I$69), 0), 0)), "")} | J73: {=IFERROR(INDEX(FORECAST!$D$12:$D$475, MATCH(1, INDEX((ISNUMBER(SEARCH($B73, FORECAST!$A$12:$A$475))) * (INT(FORECAST!$B$12:$B$475) <= J$69) * (INT(FORECAST!$C$12:$C$475) >= J$69), 0), 0)), "")} | ... AF73: {=IFERROR(INDEX(FORECAST!$D$12:$D$475, MATCH(1, INDEX((ISNUMBER(SEARCH($B73, FORECAST!$A$12:$A$475))) * (INT(FORECAST!$B$12:$B$475) <= AF$69) * (INT(FORECAST!$C$12:$C$475) >= AF$69), 0), 0)), "")} | AJ73: =COUNTIF(C73:AF73,"Garantizado")/30 -> 0.2
B74: SUQUIA | C74: {=IFERROR(INDEX(FORECAST!$D$12:$D$475, MATCH(1, INDEX((ISNUMBER(SEARCH($B74, FORECAST!$A$12:$A$475))) * (INT(FORECAST!$B$12:$B$475) <= C$69) * (INT(FORECAST!$C$12:$C$475) >= C$69), 0), 0)), "")} | D74: {=IFERROR(INDEX(FORECAST!$D$12:$D$475, MATCH(1, INDEX((ISNUMBER(SEARCH($B74, FORECAST!$A$12:$A$475))) * (INT(FORECAST!$B$12:$B$475) <= D$69) * (INT(FORECAST!$C$12:$C$475) >= D$69), 0), 0)), "")} | E74: {=IFERROR(INDEX(FORECAST!$D$12:$D$475, MATCH(1, INDEX((ISNUMBER(SEARCH($B74, FORECAST!$A$12:$A$475))) * (INT(FORECAST!$B$12:$B$475) <= E$69) * (INT(FORECAST!$C$12:$C$475) >= E$69), 0), 0)), "")} -> Garantizado | F74: {=IFERROR(INDEX(FORECAST!$D$12:$D$475, MATCH(1, INDEX((ISNUMBER(SEARCH($B74, FORECAST!$A$12:$A$475))) * (INT(FORECAST!$B$12:$B$475) <= F$69) * (INT(FORECAST!$C$12:$C$475) >= F$69), 0), 0)), "")} -> Garantizado | G74: {=IFERROR(INDEX(FORECAST!$D$12:$D$475, MATCH(1, INDEX((ISNUMBER(SEARCH($B74, FORECAST!$A$12:$A$475))) * (INT(FORECAST!$B$12:$B$475) <= G$69) * (INT(FORECAST!$C$12:$C$475) >= G$69), 0), 0)), "")} -> Garantizado | H74: {=IFERROR(INDEX(FORECAST!$D$12:$D$475, MATCH(1, INDEX((ISNUMBER(SEARCH($B74, FORECAST!$A$12:$A$475))) * (INT(FORECAST!$B$12:$B$475) <= H$69) * (INT(FORECAST!$C$12:$C$475) >= H$69), 0), 0)), "")} -> Garantizado | I74: {=IFERROR(INDEX(FORECAST!$D$12:$D$475, MATCH(1, INDEX((ISNUMBER(SEARCH($B74, FORECAST!$A$12:$A$475))) * (INT(FORECAST!$B$12:$B$475) <= I$69) * (INT(FORECAST!$C$12:$C$475) >= I$69), 0), 0)), "")} | J74: {=IFERROR(INDEX(FORECAST!$D$12:$D$475, MATCH(1, INDEX((ISNUMBER(SEARCH($B74, FORECAST!$A$12:$A$475))) * (INT(FORECAST!$B$12:$B$475) <= J$69) * (INT(FORECAST!$C$12:$C$475) >= J$69), 0), 0)), "")} | ... AF74: {=IFERROR(INDEX(FORECAST!$D$12:$D$475, MATCH(1, INDEX((ISNUMBER(SEARCH($B74, FORECAST!$A$12:$A$475))) * (INT(FORECAST!$B$12:$B$475) <= AF$69) * (INT(FORECAST!$C$12:$C$475) >= AF$69), 0), 0)), "")} | AJ74: =COUNTIF(C74:AF74,"Garantizado")/30 -> 0.13333333
B75: YACANTO | C75: {=IFERROR(INDEX(FORECAST!$D$12:$D$475, MATCH(1, INDEX((ISNUMBER(SEARCH($B75, FORECAST!$A$12:$A$475))) * (INT(FORECAST!$B$12:$B$475) <= C$69) * (INT(FORECAST!$C$12:$C$475) >= C$69), 0), 0)), "")} | D75: {=IFERROR(INDEX(FORECAST!$D$12:$D$475, MATCH(1, INDEX((ISNUMBER(SEARCH($B75, FORECAST!$A$12:$A$475))) * (INT(FORECAST!$B$12:$B$475) <= D$69) * (INT(FORECAST!$C$12:$C$475) >= D$69), 0), 0)), "")} | E75: {=IFERROR(INDEX(FORECAST!$D$12:$D$475, MATCH(1, INDEX((ISNUMBER(SEARCH($B75, FORECAST!$A$12:$A$475))) * (INT(FORECAST!$B$12:$B$475) <= E$69) * (INT(FORECAST!$C$12:$C$475) >= E$69), 0), 0)), "")} -> Garantizado | F75: {=IFERROR(INDEX(FORECAST!$D$12:$D$475, MATCH(1, INDEX((ISNUMBER(SEARCH($B75, FORECAST!$A$12:$A$475))) * (INT(FORECAST!$B$12:$B$475) <= F$69) * (INT(FORECAST!$C$12:$C$475) >= F$69), 0), 0)), "")} -> Garantizado | G75: {=IFERROR(INDEX(FORECAST!$D$12:$D$475, MATCH(1, INDEX((ISNUMBER(SEARCH($B75, FORECAST!$A$12:$A$475))) * (INT(FORECAST!$B$12:$B$475) <= G$69) * (INT(FORECAST!$C$12:$C$475) >= G$69), 0), 0)), "")} -> Garantizado | H75: {=IFERROR(INDEX(FORECAST!$D$12:$D$475, MATCH(1, INDEX((ISNUMBER(SEARCH($B75, FORECAST!$A$12:$A$475))) * (INT(FORECAST!$B$12:$B$475) <= H$69) * (INT(FORECAST!$C$12:$C$475) >= H$69), 0), 0)), "")} -> Garantizado | I75: {=IFERROR(INDEX(FORECAST!$D$12:$D$475, MATCH(1, INDEX((ISNUMBER(SEARCH($B75, FORECAST!$A$12:$A$475))) * (INT(FORECAST!$B$12:$B$475) <= I$69) * (INT(FORECAST!$C$12:$C$475) >= I$69), 0), 0)), "")} | J75: {=IFERROR(INDEX(FORECAST!$D$12:$D$475, MATCH(1, INDEX((ISNUMBER(SEARCH($B75, FORECAST!$A$12:$A$475))) * (INT(FORECAST!$B$12:$B$475) <= J$69) * (INT(FORECAST!$C$12:$C$475) >= J$69), 0), 0)), "")} | ... AF75: {=IFERROR(INDEX(FORECAST!$D$12:$D$475, MATCH(1, INDEX((ISNUMBER(SEARCH($B75, FORECAST!$A$12:$A$475))) * (INT(FORECAST!$B$12:$B$475) <= AF$69) * (INT(FORECAST!$C$12:$C$475) >= AF$69), 0), 0)), "")} | AJ75: =COUNTIF(C75:AF75,"Garantizado")/30 -> 0.13333333
B76: LAS SIERRAS | C76: {=IFERROR(INDEX(FORECAST!$D$12:$D$475, MATCH(1, INDEX((ISNUMBER(SEARCH($B76, FORECAST!$A$12:$A$475))) * (INT(FORECAST!$B$12:$B$475) <= C$69) * (INT(FORECAST!$C$12:$C$475) >= C$69), 0), 0)), "")} | D76: {=IFERROR(INDEX(FORECAST!$D$12:$D$475, MATCH(1, INDEX((ISNUMBER(SEARCH($B76, FORECAST!$A$12:$A$475))) * (INT(FORECAST!$B$12:$B$475) <= D$69) * (INT(FORECAST!$C$12:$C$475) >= D$69), 0), 0)), "")} | E76: {=IFERROR(INDEX(FORECAST!$D$12:$D$475, MATCH(1, INDEX((ISNUMBER(SEARCH($B76, FORECAST!$A$12:$A$475))) * (INT(FORECAST!$B$12:$B$475) <= E$69) * (INT(FORECAST!$C$12:$C$475) >= E$69), 0), 0)), "")} -> Garantizado | F76: {=IFERROR(INDEX(FORECAST!$D$12:$D$475, MATCH(1, INDEX((ISNUMBER(SEARCH($B76, FORECAST!$A$12:$A$475))) * (INT(FORECAST!$B$12:$B$475) <= F$69) * (INT(FORECAST!$C$12:$C$475) >= F$69), 0), 0)), "")} -> Garantizado | G76: {=IFERROR(INDEX(FORECAST!$D$12:$D$475, MATCH(1, INDEX((ISNUMBER(SEARCH($B76, FORECAST!$A$12:$A$475))) * (INT(FORECAST!$B$12:$B$475) <= G$69) * (INT(FORECAST!$C$12:$C$475) >= G$69), 0), 0)), "")} -> Garantizado | H76: {=IFERROR(INDEX(FORECAST!$D$12:$D$475, MATCH(1, INDEX((ISNUMBER(SEARCH($B76, FORECAST!$A$12:$A$475))) * (INT(FORECAST!$B$12:$B$475) <= H$69) * (INT(FORECAST!$C$12:$C$475) >= H$69), 0), 0)), "")} -> Garantizado | I76: {=IFERROR(INDEX(FORECAST!$D$12:$D$475, MATCH(1, INDEX((ISNUMBER(SEARCH($B76, FORECAST!$A$12:$A$475))) * (INT(FORECAST!$B$12:$B$475) <= I$69) * (INT(FORECAST!$C$12:$C$475) >= I$69), 0), 0)), "")} | J76: {=IFERROR(INDEX(FORECAST!$D$12:$D$475, MATCH(1, INDEX((ISNUMBER(SEARCH($B76, FORECAST!$A$12:$A$475))) * (INT(FORECAST!$B$12:$B$475) <= J$69) * (INT(FORECAST!$C$12:$C$475) >= J$69), 0), 0)), "")} | ... AF76: {=IFERROR(INDEX(FORECAST!$D$12:$D$475, MATCH(1, INDEX((ISNUMBER(SEARCH($B76, FORECAST!$A$12:$A$475))) * (INT(FORECAST!$B$12:$B$475) <= AF$69) * (INT(FORECAST!$C$12:$C$475) >= AF$69), 0), 0)), "")} -> Tentativo | AJ76: =COUNTIF(C76:AF76,"Garantizado")/30 -> 0.13333333
B77: SAN JAVIER | C77: {=IFERROR(INDEX(FORECAST!$D$12:$D$475, MATCH(1, INDEX((ISNUMBER(SEARCH($B77, FORECAST!$A$12:$A$475))) * (INT(FORECAST!$B$12:$B$475) <= C$69) * (INT(FORECAST!$C$12:$C$475) >= C$69), 0), 0)), "")} | D77: {=IFERROR(INDEX(FORECAST!$D$12:$D$475, MATCH(1, INDEX((ISNUMBER(SEARCH($B77, FORECAST!$A$12:$A$475))) * (INT(FORECAST!$B$12:$B$475) <= D$69) * (INT(FORECAST!$C$12:$C$475) >= D$69), 0), 0)), "")} | E77: {=IFERROR(INDEX(FORECAST!$D$12:$D$475, MATCH(1, INDEX((ISNUMBER(SEARCH($B77, FORECAST!$A$12:$A$475))) * (INT(FORECAST!$B$12:$B$475) <= E$69) * (INT(FORECAST!$C$12:$C$475) >= E$69), 0), 0)), "")} -> Garantizado | F77: {=IFERROR(INDEX(FORECAST!$D$12:$D$475, MATCH(1, INDEX((ISNUMBER(SEARCH($B77, FORECAST!$A$12:$A$475))) * (INT(FORECAST!$B$12:$B$475) <= F$69) * (INT(FORECAST!$C$12:$C$475) >= F$69), 0), 0)), "")} -> Garantizado | G77: {=IFERROR(INDEX(FORECAST!$D$12:$D$475, MATCH(1, INDEX((ISNUMBER(SEARCH($B77, FORECAST!$A$12:$A$475))) * (INT(FORECAST!$B$12:$B$475) <= G$69) * (INT(FORECAST!$C$12:$C$475) >= G$69), 0), 0)), "")} -> Garantizado | H77: {=IFERROR(INDEX(FORECAST!$D$12:$D$475, MATCH(1, INDEX((ISNUMBER(SEARCH($B77, FORECAST!$A$12:$A$475))) * (INT(FORECAST!$B$12:$B$475) <= H$69) * (INT(FORECAST!$C$12:$C$475) >= H$69), 0), 0)), "")} -> Garantizado | I77: {=IFERROR(INDEX(FORECAST!$D$12:$D$475, MATCH(1, INDEX((ISNUMBER(SEARCH($B77, FORECAST!$A$12:$A$475))) * (INT(FORECAST!$B$12:$B$475) <= I$69) * (INT(FORECAST!$C$12:$C$475) >= I$69), 0), 0)), "")} | J77: {=IFERROR(INDEX(FORECAST!$D$12:$D$475, MATCH(1, INDEX((ISNUMBER(SEARCH($B77, FORECAST!$A$12:$A$475))) * (INT(FORECAST!$B$12:$B$475) <= J$69) * (INT(FORECAST!$C$12:$C$475) >= J$69), 0), 0)), "")} | ... AF77: {=IFERROR(INDEX(FORECAST!$D$12:$D$475, MATCH(1, INDEX((ISNUMBER(SEARCH($B77, FORECAST!$A$12:$A$475))) * (INT(FORECAST!$B$12:$B$475) <= AF$69) * (INT(FORECAST!$C$12:$C$475) >= AF$69), 0), 0)), "")} -> Tentativo | AJ77: =COUNTIF(C77:AF77,"Garantizado")/30 -> 0.23333333
C80: MI | D80: JU | E80: VI | F80: SA | G80: DO | H80: LU | I80: MA | J80: MI | K80: JU | L80: VI | M80: SA | N80: DO | O80: LU | P80: MA | Q80: MI | R80: JU | S80: VI | T80: SÁ. | U80: DO. | V80: LU. | W80: MA. | X80: MI. | Y80: JU. | Z80: VI. | AA80: SÁ. | AB80: DO. | AC80: LU. | AD80: MA. | AE80: MI. | AF80: JU. | AG80: VI.
C81: 46204 | D81: 46205 | E81: 46206 | F81: 46207 | G81: 46208 | H81: 46209 | I81: 46210 | J81: 46211 | K81: 46212 | L81: 46213 | M81: 46214 | N81: 46215 | O81: 46216 | P81: 46217 | Q81: 46218 | R81: 46219 | S81: 46220 | T81: 46221 | U81: 46222 | V81: 46223 | W81: 46224 | X81: 46225 | Y81: 46226 | Z81: 46227 | AA81: 46228 | AB81: 46229 | AC81: 46230 | AD81: 46231 | AE81: 46232 | AF81: 46233 | AG81: 46234 | AJ81: Ocupación
A82: JULIO | B82: LUGONES | C82: {=IFERROR(INDEX(FORECAST!$D$12:$D$475, MATCH(1, INDEX((ISNUMBER(SEARCH($B82, FORECAST!$A$12:$A$475))) * (INT(FORECAST!$B$12:$B$475) <= C$81) * (INT(FORECAST!$C$12:$C$475) >= C$81), 0), 0)), "")} -> Tentativo | D82: {=IFERROR(INDEX(FORECAST!$D$12:$D$475, MATCH(1, INDEX((ISNUMBER(SEARCH($B82, FORECAST!$A$12:$A$475))) * (INT(FORECAST!$B$12:$B$475) <= D$81) * (INT(FORECAST!$C$12:$C$475) >= D$81), 0), 0)), "")} -> Tentativo | E82: {=IFERROR(INDEX(FORECAST!$D$12:$D$475, MATCH(1, INDEX((ISNUMBER(SEARCH($B82, FORECAST!$A$12:$A$475))) * (INT(FORECAST!$B$12:$B$475) <= E$81) * (INT(FORECAST!$C$12:$C$475) >= E$81), 0), 0)), "")} -> Tentativo | F82: {=IFERROR(INDEX(FORECAST!$D$12:$D$475, MATCH(1, INDEX((ISNUMBER(SEARCH($B82, FORECAST!$A$12:$A$475))) * (INT(FORECAST!$B$12:$B$475) <= F$81) * (INT(FORECAST!$C$12:$C$475) >= F$81), 0), 0)), "")} -> Tentativo | G82: {=IFERROR(INDEX(FORECAST!$D$12:$D$475, MATCH(1, INDEX((ISNUMBER(SEARCH($B82, FORECAST!$A$12:$A$475))) * (INT(FORECAST!$B$12:$B$475) <= G$81) * (INT(FORECAST!$C$12:$C$475) >= G$81), 0), 0)), "")} -> Tentativo | H82: {=IFERROR(INDEX(FORECAST!$D$12:$D$475, MATCH(1, INDEX((ISNUMBER(SEARCH($B82, FORECAST!$A$12:$A$475))) * (INT(FORECAST!$B$12:$B$475) <= H$81) * (INT(FORECAST!$C$12:$C$475) >= H$81), 0), 0)), "")} -> Tentativo | I82: {=IFERROR(INDEX(FORECAST!$D$12:$D$475, MATCH(1, INDEX((ISNUMBER(SEARCH($B82, FORECAST!$A$12:$A$475))) * (INT(FORECAST!$B$12:$B$475) <= I$81) * (INT(FORECAST!$C$12:$C$475) >= I$81), 0), 0)), "")} -> Tentativo | J82: {=IFERROR(INDEX(FORECAST!$D$12:$D$475, MATCH(1, INDEX((ISNUMBER(SEARCH($B82, FORECAST!$A$12:$A$475))) * (INT(FORECAST!$B$12:$B$475) <= J$81) * (INT(FORECAST!$C$12:$C$475) >= J$81), 0), 0)), "")} | ... AG82: {=IFERROR(INDEX(FORECAST!$D$12:$D$475, MATCH(1, INDEX((ISNUMBER(SEARCH($B82, FORECAST!$A$12:$A$475))) * (INT(FORECAST!$B$12:$B$475) <= AG$81) * (INT(FORECAST!$C$12:$C$475) >= AG$81), 0), 0)), "")} -> Tentativo | AJ82: =COUNTIF(C82:AG82,"Garantizado")/31 -> 0
B83: CHAMPAQUI | C83: {=IFERROR(INDEX(FORECAST!$D$12:$D$475, MATCH(1, INDEX((ISNUMBER(SEARCH($B83, FORECAST!$A$12:$A$475))) * (INT(FORECAST!$B$12:$B$475) <= C$81) * (INT(FORECAST!$C$12:$C$475) >= C$81), 0), 0)), "")} -> Tentativo | D83: {=IFERROR(INDEX(FORECAST!$D$12:$D$475, MATCH(1, INDEX((ISNUMBER(SEARCH($B83, FORECAST!$A$12:$A$475))) * (INT(FORECAST!$B$12:$B$475) <= D$81) * (INT(FORECAST!$C$12:$C$475) >= D$81), 0), 0)), "")} -> Tentativo | E83: {=IFERROR(INDEX(FORECAST!$D$12:$D$475, MATCH(1, INDEX((ISNUMBER(SEARCH($B83, FORECAST!$A$12:$A$475))) * (INT(FORECAST!$B$12:$B$475) <= E$81) * (INT(FORECAST!$C$12:$C$475) >= E$81), 0), 0)), "")} -> Tentativo | F83: {=IFERROR(INDEX(FORECAST!$D$12:$D$475, MATCH(1, INDEX((ISNUMBER(SEARCH($B83, FORECAST!$A$12:$A$475))) * (INT(FORECAST!$B$12:$B$475) <= F$81) * (INT(FORECAST!$C$12:$C$475) >= F$81), 0), 0)), "")} -> Tentativo | G83: {=IFERROR(INDEX(FORECAST!$D$12:$D$475, MATCH(1, INDEX((ISNUMBER(SEARCH($B83, FORECAST!$A$12:$A$475))) * (INT(FORECAST!$B$12:$B$475) <= G$81) * (INT(FORECAST!$C$12:$C$475) >= G$81), 0), 0)), "")} -> Tentativo | H83: {=IFERROR(INDEX(FORECAST!$D$12:$D$475, MATCH(1, INDEX((ISNUMBER(SEARCH($B83, FORECAST!$A$12:$A$475))) * (INT(FORECAST!$B$12:$B$475) <= H$81) * (INT(FORECAST!$C$12:$C$475) >= H$81), 0), 0)), "")} -> Tentativo | I83: {=IFERROR(INDEX(FORECAST!$D$12:$D$475, MATCH(1, INDEX((ISNUMBER(SEARCH($B83, FORECAST!$A$12:$A$475))) * (INT(FORECAST!$B$12:$B$475) <= I$81) * (INT(FORECAST!$C$12:$C$475) >= I$81), 0), 0)), "")} -> Tentativo | J83: {=IFERROR(INDEX(FORECAST!$D$12:$D$475, MATCH(1, INDEX((ISNUMBER(SEARCH($B83, FORECAST!$A$12:$A$475))) * (INT(FORECAST!$B$12:$B$475) <= J$81) * (INT(FORECAST!$C$12:$C$475) >= J$81), 0), 0)), "")} | ... AG83: {=IFERROR(INDEX(FORECAST!$D$12:$D$475, MATCH(1, INDEX((ISNUMBER(SEARCH($B83, FORECAST!$A$12:$A$475))) * (INT(FORECAST!$B$12:$B$475) <= AG$81) * (INT(FORECAST!$C$12:$C$475) >= AG$81), 0), 0)), "")} -> Tentativo | AJ83: =COUNTIF(C83:AG83,"Garantizado")/31 -> 0 | AL83: Ocupación Mensual Total
B84: TERRAZA | C84: {=IFERROR(INDEX(FORECAST!$D$12:$D$475, MATCH(1, INDEX((ISNUMBER(SEARCH($B84, FORECAST!$A$12:$A$475))) * (INT(FORECAST!$B$12:$B$475) <= C$81) * (INT(FORECAST!$C$12:$C$475) >= C$81), 0), 0)), "")} -> Tentativo | D84: {=IFERROR(INDEX(FORECAST!$D$12:$D$475, MATCH(1, INDEX((ISNUMBER(SEARCH($B84, FORECAST!$A$12:$A$475))) * (INT(FORECAST!$B$12:$B$475) <= D$81) * (INT(FORECAST!$C$12:$C$475) >= D$81), 0), 0)), "")} -> Tentativo | E84: {=IFERROR(INDEX(FORECAST!$D$12:$D$475, MATCH(1, INDEX((ISNUMBER(SEARCH($B84, FORECAST!$A$12:$A$475))) * (INT(FORECAST!$B$12:$B$475) <= E$81) * (INT(FORECAST!$C$12:$C$475) >= E$81), 0), 0)), "")} | F84: {=IFERROR(INDEX(FORECAST!$D$12:$D$475, MATCH(1, INDEX((ISNUMBER(SEARCH($B84, FORECAST!$A$12:$A$475))) * (INT(FORECAST!$B$12:$B$475) <= F$81) * (INT(FORECAST!$C$12:$C$475) >= F$81), 0), 0)), "")} | G84: {=IFERROR(INDEX(FORECAST!$D$12:$D$475, MATCH(1, INDEX((ISNUMBER(SEARCH($B84, FORECAST!$A$12:$A$475))) * (INT(FORECAST!$B$12:$B$475) <= G$81) * (INT(FORECAST!$C$12:$C$475) >= G$81), 0), 0)), "")} | H84: {=IFERROR(INDEX(FORECAST!$D$12:$D$475, MATCH(1, INDEX((ISNUMBER(SEARCH($B84, FORECAST!$A$12:$A$475))) * (INT(FORECAST!$B$12:$B$475) <= H$81) * (INT(FORECAST!$C$12:$C$475) >= H$81), 0), 0)), "")} | I84: {=IFERROR(INDEX(FORECAST!$D$12:$D$475, MATCH(1, INDEX((ISNUMBER(SEARCH($B84, FORECAST!$A$12:$A$475))) * (INT(FORECAST!$B$12:$B$475) <= I$81) * (INT(FORECAST!$C$12:$C$475) >= I$81), 0), 0)), "")} | J84: {=IFERROR(INDEX(FORECAST!$D$12:$D$475, MATCH(1, INDEX((ISNUMBER(SEARCH($B84, FORECAST!$A$12:$A$475))) * (INT(FORECAST!$B$12:$B$475) <= J$81) * (INT(FORECAST!$C$12:$C$475) >= J$81), 0), 0)), "")} | ... AG84: {=IFERROR(INDEX(FORECAST!$D$12:$D$475, MATCH(1, INDEX((ISNUMBER(SEARCH($B84, FORECAST!$A$12:$A$475))) * (INT(FORECAST!$B$12:$B$475) <= AG$81) * (INT(FORECAST!$C$12:$C$475) >= AG$81), 0), 0)), "")} -> Tentativo | AJ84: =COUNTIF(C84:AG84,"Garantizado")/31 -> 0 | AL84: =COUNTIF('PLANNING 2026'!C82:AG88,"Garantizado")/COUNTA('PLANNING 2026'!C82:AG88) -> 0.013824885
B85: URITORCO | C85: {=IFERROR(INDEX(FORECAST!$D$12:$D$475, MATCH(1, INDEX((ISNUMBER(SEARCH($B85, FORECAST!$A$12:$A$475))) * (INT(FORECAST!$B$12:$B$475) <= C$81) * (INT(FORECAST!$C$12:$C$475) >= C$81), 0), 0)), "")} | D85: {=IFERROR(INDEX(FORECAST!$D$12:$D$475, MATCH(1, INDEX((ISNUMBER(SEARCH($B85, FORECAST!$A$12:$A$475))) * (INT(FORECAST!$B$12:$B$475) <= D$81) * (INT(FORECAST!$C$12:$C$475) >= D$81), 0), 0)), "")} | E85: {=IFERROR(INDEX(FORECAST!$D$12:$D$475, MATCH(1, INDEX((ISNUMBER(SEARCH($B85, FORECAST!$A$12:$A$475))) * (INT(FORECAST!$B$12:$B$475) <= E$81) * (INT(FORECAST!$C$12:$C$475) >= E$81), 0), 0)), "")} | F85: {=IFERROR(INDEX(FORECAST!$D$12:$D$475, MATCH(1, INDEX((ISNUMBER(SEARCH($B85, FORECAST!$A$12:$A$475))) * (INT(FORECAST!$B$12:$B$475) <= F$81) * (INT(FORECAST!$C$12:$C$475) >= F$81), 0), 0)), "")} -> Garantizado | G85: {=IFERROR(INDEX(FORECAST!$D$12:$D$475, MATCH(1, INDEX((ISNUMBER(SEARCH($B85, FORECAST!$A$12:$A$475))) * (INT(FORECAST!$B$12:$B$475) <= G$81) * (INT(FORECAST!$C$12:$C$475) >= G$81), 0), 0)), "")} -> Presupuesto | H85: {=IFERROR(INDEX(FORECAST!$D$12:$D$475, MATCH(1, INDEX((ISNUMBER(SEARCH($B85, FORECAST!$A$12:$A$475))) * (INT(FORECAST!$B$12:$B$475) <= H$81) * (INT(FORECAST!$C$12:$C$475) >= H$81), 0), 0)), "")} -> Presupuesto | I85: {=IFERROR(INDEX(FORECAST!$D$12:$D$475, MATCH(1, INDEX((ISNUMBER(SEARCH($B85, FORECAST!$A$12:$A$475))) * (INT(FORECAST!$B$12:$B$475) <= I$81) * (INT(FORECAST!$C$12:$C$475) >= I$81), 0), 0)), "")} -> Presupuesto | J85: {=IFERROR(INDEX(FORECAST!$D$12:$D$475, MATCH(1, INDEX((ISNUMBER(SEARCH($B85, FORECAST!$A$12:$A$475))) * (INT(FORECAST!$B$12:$B$475) <= J$81) * (INT(FORECAST!$C$12:$C$475) >= J$81), 0), 0)), "")} | ... AG85: {=IFERROR(INDEX(FORECAST!$D$12:$D$475, MATCH(1, INDEX((ISNUMBER(SEARCH($B85, FORECAST!$A$12:$A$475))) * (INT(FORECAST!$B$12:$B$475) <= AG$81) * (INT(FORECAST!$C$12:$C$475) >= AG$81), 0), 0)), "")} | AJ85: =COUNTIF(C85:AG85,"Garantizado")/31 -> 0.032258065
B86: SUQUIA | C86: {=IFERROR(INDEX(FORECAST!$D$12:$D$475, MATCH(1, INDEX((ISNUMBER(SEARCH($B86, FORECAST!$A$12:$A$475))) * (INT(FORECAST!$B$12:$B$475) <= C$81) * (INT(FORECAST!$C$12:$C$475) >= C$81), 0), 0)), "")} | D86: {=IFERROR(INDEX(FORECAST!$D$12:$D$475, MATCH(1, INDEX((ISNUMBER(SEARCH($B86, FORECAST!$A$12:$A$475))) * (INT(FORECAST!$B$12:$B$475) <= D$81) * (INT(FORECAST!$C$12:$C$475) >= D$81), 0), 0)), "")} | E86: {=IFERROR(INDEX(FORECAST!$D$12:$D$475, MATCH(1, INDEX((ISNUMBER(SEARCH($B86, FORECAST!$A$12:$A$475))) * (INT(FORECAST!$B$12:$B$475) <= E$81) * (INT(FORECAST!$C$12:$C$475) >= E$81), 0), 0)), "")} | F86: {=IFERROR(INDEX(FORECAST!$D$12:$D$475, MATCH(1, INDEX((ISNUMBER(SEARCH($B86, FORECAST!$A$12:$A$475))) * (INT(FORECAST!$B$12:$B$475) <= F$81) * (INT(FORECAST!$C$12:$C$475) >= F$81), 0), 0)), "")} | G86: {=IFERROR(INDEX(FORECAST!$D$12:$D$475, MATCH(1, INDEX((ISNUMBER(SEARCH($B86, FORECAST!$A$12:$A$475))) * (INT(FORECAST!$B$12:$B$475) <= G$81) * (INT(FORECAST!$C$12:$C$475) >= G$81), 0), 0)), "")} -> Presupuesto | H86: {=IFERROR(INDEX(FORECAST!$D$12:$D$475, MATCH(1, INDEX((ISNUMBER(SEARCH($B86, FORECAST!$A$12:$A$475))) * (INT(FORECAST!$B$12:$B$475) <= H$81) * (INT(FORECAST!$C$12:$C$475) >= H$81), 0), 0)), "")} -> Presupuesto | I86: {=IFERROR(INDEX(FORECAST!$D$12:$D$475, MATCH(1, INDEX((ISNUMBER(SEARCH($B86, FORECAST!$A$12:$A$475))) * (INT(FORECAST!$B$12:$B$475) <= I$81) * (INT(FORECAST!$C$12:$C$475) >= I$81), 0), 0)), "")} -> Presupuesto | J86: {=IFERROR(INDEX(FORECAST!$D$12:$D$475, MATCH(1, INDEX((ISNUMBER(SEARCH($B86, FORECAST!$A$12:$A$475))) * (INT(FORECAST!$B$12:$B$475) <= J$81) * (INT(FORECAST!$C$12:$C$475) >= J$81), 0), 0)), "")} | ... AG86: {=IFERROR(INDEX(FORECAST!$D$12:$D$475, MATCH(1, INDEX((ISNUMBER(SEARCH($B86, FORECAST!$A$12:$A$475))) * (INT(FORECAST!$B$12:$B$475) <= AG$81) * (INT(FORECAST!$C$12:$C$475) >= AG$81), 0), 0)), "")} | AJ86: =COUNTIF(C86:AG86,"Garantizado")/31 -> 0
B87: YACANTO | C87: {=IFERROR(INDEX(FORECAST!$D$12:$D$475, MATCH(1, INDEX((ISNUMBER(SEARCH($B87, FORECAST!$A$12:$A$475))) * (INT(FORECAST!$B$12:$B$475) <= C$81) * (INT(FORECAST!$C$12:$C$475) >= C$81), 0), 0)), "")} -> Tentativo | D87: {=IFERROR(INDEX(FORECAST!$D$12:$D$475, MATCH(1, INDEX((ISNUMBER(SEARCH($B87, FORECAST!$A$12:$A$475))) * (INT(FORECAST!$B$12:$B$475) <= D$81) * (INT(FORECAST!$C$12:$C$475) >= D$81), 0), 0)), "")} -> Tentativo | E87: {=IFERROR(INDEX(FORECAST!$D$12:$D$475, MATCH(1, INDEX((ISNUMBER(SEARCH($B87, FORECAST!$A$12:$A$475))) * (INT(FORECAST!$B$12:$B$475) <= E$81) * (INT(FORECAST!$C$12:$C$475) >= E$81), 0), 0)), "")} -> Presupuesto | F87: {=IFERROR(INDEX(FORECAST!$D$12:$D$475, MATCH(1, INDEX((ISNUMBER(SEARCH($B87, FORECAST!$A$12:$A$475))) * (INT(FORECAST!$B$12:$B$475) <= F$81) * (INT(FORECAST!$C$12:$C$475) >= F$81), 0), 0)), "")} -> Presupuesto | G87: {=IFERROR(INDEX(FORECAST!$D$12:$D$475, MATCH(1, INDEX((ISNUMBER(SEARCH($B87, FORECAST!$A$12:$A$475))) * (INT(FORECAST!$B$12:$B$475) <= G$81) * (INT(FORECAST!$C$12:$C$475) >= G$81), 0), 0)), "")} | H87: {=IFERROR(INDEX(FORECAST!$D$12:$D$475, MATCH(1, INDEX((ISNUMBER(SEARCH($B87, FORECAST!$A$12:$A$475))) * (INT(FORECAST!$B$12:$B$475) <= H$81) * (INT(FORECAST!$C$12:$C$475) >= H$81), 0), 0)), "")} | I87: {=IFERROR(INDEX(FORECAST!$D$12:$D$475, MATCH(1, INDEX((ISNUMBER(SEARCH($B87, FORECAST!$A$12:$A$475))) * (INT(FORECAST!$B$12:$B$475) <= I$81) * (INT(FORECAST!$C$12:$C$475) >= I$81), 0), 0)), "")} | J87: {=IFERROR(INDEX(FORECAST!$D$12:$D$475, MATCH(1, INDEX((ISNUMBER(SEARCH($B87, FORECAST!$A$12:$A$475))) * (INT(FORECAST!$B$12:$B$475) <= J$81) * (INT(FORECAST!$C$12:$C$475) >= J$81), 0), 0)), "")} | ... AG87: {=IFERROR(INDEX(FORECAST!$D$12:$D$475, MATCH(1, INDEX((ISNUMBER(SEARCH($B87, FORECAST!$A$12:$A$475))) * (INT(FORECAST!$B$12:$B$475) <= AG$81) * (INT(FORECAST!$C$12:$C$475) >= AG$81), 0), 0)), "")} -> Tentativo | AJ87: =COUNTIF(C87:AG87,"Garantizado")/31 -> 0.032258065
B88: LAS SIERRAS | C88: {=IFERROR(INDEX(FORECAST!$D$12:$D$475, MATCH(1, INDEX((ISNUMBER(SEARCH($B88, FORECAST!$A$12:$A$475))) * (INT(FORECAST!$B$12:$B$475) <= C$81) * (INT(FORECAST!$C$12:$C$475) >= C$81), 0), 0)), "")} -> Tentativo | D88: {=IFERROR(INDEX(FORECAST!$D$12:$D$475, MATCH(1, INDEX((ISNUMBER(SEARCH($B88, FORECAST!$A$12:$A$475))) * (INT(FORECAST!$B$12:$B$475) <= D$81) * (INT(FORECAST!$C$12:$C$475) >= D$81), 0), 0)), "")} -> Tentativo | E88: {=IFERROR(INDEX(FORECAST!$D$12:$D$475, MATCH(1, INDEX((ISNUMBER(SEARCH($B88, FORECAST!$A$12:$A$475))) * (INT(FORECAST!$B$12:$B$475) <= E$81) * (INT(FORECAST!$C$12:$C$475) >= E$81), 0), 0)), "")} -> Tentativo | F88: {=IFERROR(INDEX(FORECAST!$D$12:$D$475, MATCH(1, INDEX((ISNUMBER(SEARCH($B88, FORECAST!$A$12:$A$475))) * (INT(FORECAST!$B$12:$B$475) <= F$81) * (INT(FORECAST!$C$12:$C$475) >= F$81), 0), 0)), "")} -> Tentativo | G88: {=IFERROR(INDEX(FORECAST!$D$12:$D$475, MATCH(1, INDEX((ISNUMBER(SEARCH($B88, FORECAST!$A$12:$A$475))) * (INT(FORECAST!$B$12:$B$475) <= G$81) * (INT(FORECAST!$C$12:$C$475) >= G$81), 0), 0)), "")} -> Tentativo | H88: {=IFERROR(INDEX(FORECAST!$D$12:$D$475, MATCH(1, INDEX((ISNUMBER(SEARCH($B88, FORECAST!$A$12:$A$475))) * (INT(FORECAST!$B$12:$B$475) <= H$81) * (INT(FORECAST!$C$12:$C$475) >= H$81), 0), 0)), "")} | I88: {=IFERROR(INDEX(FORECAST!$D$12:$D$475, MATCH(1, INDEX((ISNUMBER(SEARCH($B88, FORECAST!$A$12:$A$475))) * (INT(FORECAST!$B$12:$B$475) <= I$81) * (INT(FORECAST!$C$12:$C$475) >= I$81), 0), 0)), "")} | J88: {=IFERROR(INDEX(FORECAST!$D$12:$D$475, MATCH(1, INDEX((ISNUMBER(SEARCH($B88, FORECAST!$A$12:$A$475))) * (INT(FORECAST!$B$12:$B$475) <= J$81) * (INT(FORECAST!$C$12:$C$475) >= J$81), 0), 0)), "")} | ... AG88: {=IFERROR(INDEX(FORECAST!$D$12:$D$475, MATCH(1, INDEX((ISNUMBER(SEARCH($B88, FORECAST!$A$12:$A$475))) * (INT(FORECAST!$B$12:$B$475) <= AG$81) * (INT(FORECAST!$C$12:$C$475) >= AG$81), 0), 0)), "")} | AJ88: =COUNTIF(C88:AG88,"Garantizado")/31 -> 0.032258065
B89: SAN JAVIER | C89: {=IFERROR(INDEX(FORECAST!$D$12:$D$475, MATCH(1, INDEX((ISNUMBER(SEARCH($B89, FORECAST!$A$12:$A$475))) * (INT(FORECAST!$B$12:$B$475) <= C$81) * (INT(FORECAST!$C$12:$C$475) >= C$81), 0), 0)), "")} -> Tentativo | D89: {=IFERROR(INDEX(FORECAST!$D$12:$D$475, MATCH(1, INDEX((ISNUMBER(SEARCH($B89, FORECAST!$A$12:$A$475))) * (INT(FORECAST!$B$12:$B$475) <= D$81) * (INT(FORECAST!$C$12:$C$475) >= D$81), 0), 0)), "")} -> Tentativo | E89: {=IFERROR(INDEX(FORECAST!$D$12:$D$475, MATCH(1, INDEX((ISNUMBER(SEARCH($B89, FORECAST!$A$12:$A$475))) * (INT(FORECAST!$B$12:$B$475) <= E$81) * (INT(FORECAST!$C$12:$C$475) >= E$81), 0), 0)), "")} -> Tentativo | F89: {=IFERROR(INDEX(FORECAST!$D$12:$D$475, MATCH(1, INDEX((ISNUMBER(SEARCH($B89, FORECAST!$A$12:$A$475))) * (INT(FORECAST!$B$12:$B$475) <= F$81) * (INT(FORECAST!$C$12:$C$475) >= F$81), 0), 0)), "")} -> Tentativo | G89: {=IFERROR(INDEX(FORECAST!$D$12:$D$475, MATCH(1, INDEX((ISNUMBER(SEARCH($B89, FORECAST!$A$12:$A$475))) * (INT(FORECAST!$B$12:$B$475) <= G$81) * (INT(FORECAST!$C$12:$C$475) >= G$81), 0), 0)), "")} -> Tentativo | H89: {=IFERROR(INDEX(FORECAST!$D$12:$D$475, MATCH(1, INDEX((ISNUMBER(SEARCH($B89, FORECAST!$A$12:$A$475))) * (INT(FORECAST!$B$12:$B$475) <= H$81) * (INT(FORECAST!$C$12:$C$475) >= H$81), 0), 0)), "")} | I89: {=IFERROR(INDEX(FORECAST!$D$12:$D$475, MATCH(1, INDEX((ISNUMBER(SEARCH($B89, FORECAST!$A$12:$A$475))) * (INT(FORECAST!$B$12:$B$475) <= I$81) * (INT(FORECAST!$C$12:$C$475) >= I$81), 0), 0)), "")} | J89: {=IFERROR(INDEX(FORECAST!$D$12:$D$475, MATCH(1, INDEX((ISNUMBER(SEARCH($B89, FORECAST!$A$12:$A$475))) * (INT(FORECAST!$B$12:$B$475) <= J$81) * (INT(FORECAST!$C$12:$C$475) >= J$81), 0), 0)), "")} | ... AG89: {=IFERROR(INDEX(FORECAST!$D$12:$D$475, MATCH(1, INDEX((ISNUMBER(SEARCH($B89, FORECAST!$A$12:$A$475))) * (INT(FORECAST!$B$12:$B$475) <= AG$81) * (INT(FORECAST!$C$12:$C$475) >= AG$81), 0), 0)), "")} | AJ89: =COUNTIF(C89:AG89,"Garantizado")/31 -> 0
AE90: {=IFERROR(INDEX(FORECAST!$E$12:$E$475, MATCH(1, INDEX((ISNUMBER(SEARCH($C90, FORECAST!$A$12:$A$475))) * (FORECAST!$B$12:$B$475 <= AE$37) * (FORECAST!$C$12:$C$475 >= AE$37), 0), 0)), "")} | AF90: {=IFERROR(INDEX(FORECAST!$E$12:$E$475, MATCH(1, INDEX((ISNUMBER(SEARCH($C90, FORECAST!$A$12:$A$475))) * (FORECAST!$B$12:$B$475 <= AF$37) * (FORECAST!$C$12:$C$475 >= AF$37), 0), 0)), "")} | AG90: {=IFERROR(INDEX(FORECAST!$E$12:$E$475, MATCH(1, INDEX((ISNUMBER(SEARCH($C90, FORECAST!$A$12:$A$475))) * (FORECAST!$B$12:$B$475 <= AG$37) * (FORECAST!$C$12:$C$475 >= AG$37), 0), 0)), "")}
C92: SA | D92: DO | E92: LU | F92: MA | G92: MI | H92: JU | I92: VI | J92: SA | K92: DO | L92: LU | M92: MA | N92: MI | O92: JU | P92: VI | Q92: SÁ. | R92: DO. | S92: LU. | T92: MA. | U92: MI. | V92: JU. | W92: VI. | X92: SÁ. | Y92: DO. | Z92: LU. | AA92: MA. | AB92: MI. | AC92: JU. | AD92: VI. | AE92: SÁ. | AF92: DO. | AG92: LU.
C93: 46235 | D93: 46236 | E93: 46237 | F93: 46238 | G93: 46239 | H93: 46240 | I93: 46241 | J93: 46242 | K93: 46243 | L93: 46244 | M93: 46245 | N93: 46246 | O93: 46247 | P93: 46248 | Q93: 46249 | R93: 46250 | S93: 46251 | T93: 46252 | U93: 46253 | V93: 46254 | W93: 46255 | X93: 46256 | Y93: 46257 | Z93: 46258 | AA93: 46259 | AB93: 46260 | AC93: 46261 | AD93: 46262 | AE93: 46263 | AF93: 46264 | AG93: 46265 | AJ93: Ocupación
A94: AGOSTO | B94: LUGONES | C94: {=IFERROR(INDEX(FORECAST!$D$12:$D$475, MATCH(1, INDEX((ISNUMBER(SEARCH($B94, FORECAST!$A$12:$A$475))) * (INT(FORECAST!$B$12:$B$475) <= C$93) * (INT(FORECAST!$C$12:$C$475) >= C$93), 0), 0)), "")} | D94: {=IFERROR(INDEX(FORECAST!$D$12:$D$475, MATCH(1, INDEX((ISNUMBER(SEARCH($B94, FORECAST!$A$12:$A$475))) * (INT(FORECAST!$B$12:$B$475) <= D$93) * (INT(FORECAST!$C$12:$C$475) >= D$93), 0), 0)), "")} | E94: {=IFERROR(INDEX(FORECAST!$D$12:$D$475, MATCH(1, INDEX((ISNUMBER(SEARCH($B94, FORECAST!$A$12:$A$475))) * (INT(FORECAST!$B$12:$B$475) <= E$93) * (INT(FORECAST!$C$12:$C$475) >= E$93), 0), 0)), "")} -> Tentativo | F94: {=IFERROR(INDEX(FORECAST!$D$12:$D$475, MATCH(1, INDEX((ISNUMBER(SEARCH($B94, FORECAST!$A$12:$A$475))) * (INT(FORECAST!$B$12:$B$475) <= F$93) * (INT(FORECAST!$C$12:$C$475) >= F$93), 0), 0)), "")} -> Tentativo | G94: {=IFERROR(INDEX(FORECAST!$D$12:$D$475, MATCH(1, INDEX((ISNUMBER(SEARCH($B94, FORECAST!$A$12:$A$475))) * (INT(FORECAST!$B$12:$B$475) <= G$93) * (INT(FORECAST!$C$12:$C$475) >= G$93), 0), 0)), "")} -> Garantizado | H94: {=IFERROR(INDEX(FORECAST!$D$12:$D$475, MATCH(1, INDEX((ISNUMBER(SEARCH($B94, FORECAST!$A$12:$A$475))) * (INT(FORECAST!$B$12:$B$475) <= H$93) * (INT(FORECAST!$C$12:$C$475) >= H$93), 0), 0)), "")} -> Garantizado | I94: {=IFERROR(INDEX(FORECAST!$D$12:$D$475, MATCH(1, INDEX((ISNUMBER(SEARCH($B94, FORECAST!$A$12:$A$475))) * (INT(FORECAST!$B$12:$B$475) <= I$93) * (INT(FORECAST!$C$12:$C$475) >= I$93), 0), 0)), "")} -> Garantizado | J94: {=IFERROR(INDEX(FORECAST!$D$12:$D$475, MATCH(1, INDEX((ISNUMBER(SEARCH($B94, FORECAST!$A$12:$A$475))) * (INT(FORECAST!$B$12:$B$475) <= J$93) * (INT(FORECAST!$C$12:$C$475) >= J$93), 0), 0)), "")} | ... AG94: {=IFERROR(INDEX(FORECAST!$D$12:$D$475, MATCH(1, INDEX((ISNUMBER(SEARCH($B94, FORECAST!$A$12:$A$475))) * (INT(FORECAST!$B$12:$B$475) <= AG$93) * (INT(FORECAST!$C$12:$C$475) >= AG$93), 0), 0)), "")} | AJ94: =COUNTIF(C94:AG94,"Garantizado")/31 -> 0.32258065
B95: CHAMPAQUI | C95: {=IFERROR(INDEX(FORECAST!$D$12:$D$475, MATCH(1, INDEX((ISNUMBER(SEARCH($B95, FORECAST!$A$12:$A$475))) * (INT(FORECAST!$B$12:$B$475) <= C$93) * (INT(FORECAST!$C$12:$C$475) >= C$93), 0), 0)), "")} | D95: {=IFERROR(INDEX(FORECAST!$D$12:$D$475, MATCH(1, INDEX((ISNUMBER(SEARCH($B95, FORECAST!$A$12:$A$475))) * (INT(FORECAST!$B$12:$B$475) <= D$93) * (INT(FORECAST!$C$12:$C$475) >= D$93), 0), 0)), "")} | E95: {=IFERROR(INDEX(FORECAST!$D$12:$D$475, MATCH(1, INDEX((ISNUMBER(SEARCH($B95, FORECAST!$A$12:$A$475))) * (INT(FORECAST!$B$12:$B$475) <= E$93) * (INT(FORECAST!$C$12:$C$475) >= E$93), 0), 0)), "")} -> Tentativo | F95: {=IFERROR(INDEX(FORECAST!$D$12:$D$475, MATCH(1, INDEX((ISNUMBER(SEARCH($B95, FORECAST!$A$12:$A$475))) * (INT(FORECAST!$B$12:$B$475) <= F$93) * (INT(FORECAST!$C$12:$C$475) >= F$93), 0), 0)), "")} -> Tentativo | G95: {=IFERROR(INDEX(FORECAST!$D$12:$D$475, MATCH(1, INDEX((ISNUMBER(SEARCH($B95, FORECAST!$A$12:$A$475))) * (INT(FORECAST!$B$12:$B$475) <= G$93) * (INT(FORECAST!$C$12:$C$475) >= G$93), 0), 0)), "")} -> Presupuesto | H95: {=IFERROR(INDEX(FORECAST!$D$12:$D$475, MATCH(1, INDEX((ISNUMBER(SEARCH($B95, FORECAST!$A$12:$A$475))) * (INT(FORECAST!$B$12:$B$475) <= H$93) * (INT(FORECAST!$C$12:$C$475) >= H$93), 0), 0)), "")} -> Garantizado | I95: {=IFERROR(INDEX(FORECAST!$D$12:$D$475, MATCH(1, INDEX((ISNUMBER(SEARCH($B95, FORECAST!$A$12:$A$475))) * (INT(FORECAST!$B$12:$B$475) <= I$93) * (INT(FORECAST!$C$12:$C$475) >= I$93), 0), 0)), "")} -> Tentativo | J95: {=IFERROR(INDEX(FORECAST!$D$12:$D$475, MATCH(1, INDEX((ISNUMBER(SEARCH($B95, FORECAST!$A$12:$A$475))) * (INT(FORECAST!$B$12:$B$475) <= J$93) * (INT(FORECAST!$C$12:$C$475) >= J$93), 0), 0)), "")} -> Presupuesto | ... AG95: {=IFERROR(INDEX(FORECAST!$D$12:$D$475, MATCH(1, INDEX((ISNUMBER(SEARCH($B95, FORECAST!$A$12:$A$475))) * (INT(FORECAST!$B$12:$B$475) <= AG$93) * (INT(FORECAST!$C$12:$C$475) >= AG$93), 0), 0)), "")} | AJ95: =COUNTIF(C95:AG95,"Garantizado")/31 -> 0.19354839 | AL95: Ocupación Mensual Total
B96: TERRAZA | C96: {=IFERROR(INDEX(FORECAST!$D$12:$D$475, MATCH(1, INDEX((ISNUMBER(SEARCH($B96, FORECAST!$A$12:$A$475))) * (INT(FORECAST!$B$12:$B$475) <= C$93) * (INT(FORECAST!$C$12:$C$475) >= C$93), 0), 0)), "")} | D96: {=IFERROR(INDEX(FORECAST!$D$12:$D$475, MATCH(1, INDEX((ISNUMBER(SEARCH($B96, FORECAST!$A$12:$A$475))) * (INT(FORECAST!$B$12:$B$475) <= D$93) * (INT(FORECAST!$C$12:$C$475) >= D$93), 0), 0)), "")} | E96: {=IFERROR(INDEX(FORECAST!$D$12:$D$475, MATCH(1, INDEX((ISNUMBER(SEARCH($B96, FORECAST!$A$12:$A$475))) * (INT(FORECAST!$B$12:$B$475) <= E$93) * (INT(FORECAST!$C$12:$C$475) >= E$93), 0), 0)), "")} -> Tentativo | F96: {=IFERROR(INDEX(FORECAST!$D$12:$D$475, MATCH(1, INDEX((ISNUMBER(SEARCH($B96, FORECAST!$A$12:$A$475))) * (INT(FORECAST!$B$12:$B$475) <= F$93) * (INT(FORECAST!$C$12:$C$475) >= F$93), 0), 0)), "")} -> Tentativo | G96: {=IFERROR(INDEX(FORECAST!$D$12:$D$475, MATCH(1, INDEX((ISNUMBER(SEARCH($B96, FORECAST!$A$12:$A$475))) * (INT(FORECAST!$B$12:$B$475) <= G$93) * (INT(FORECAST!$C$12:$C$475) >= G$93), 0), 0)), "")} | H96: {=IFERROR(INDEX(FORECAST!$D$12:$D$475, MATCH(1, INDEX((ISNUMBER(SEARCH($B96, FORECAST!$A$12:$A$475))) * (INT(FORECAST!$B$12:$B$475) <= H$93) * (INT(FORECAST!$C$12:$C$475) >= H$93), 0), 0)), "")} | I96: {=IFERROR(INDEX(FORECAST!$D$12:$D$475, MATCH(1, INDEX((ISNUMBER(SEARCH($B96, FORECAST!$A$12:$A$475))) * (INT(FORECAST!$B$12:$B$475) <= I$93) * (INT(FORECAST!$C$12:$C$475) >= I$93), 0), 0)), "")} | J96: {=IFERROR(INDEX(FORECAST!$D$12:$D$475, MATCH(1, INDEX((ISNUMBER(SEARCH($B96, FORECAST!$A$12:$A$475))) * (INT(FORECAST!$B$12:$B$475) <= J$93) * (INT(FORECAST!$C$12:$C$475) >= J$93), 0), 0)), "")} | ... AG96: {=IFERROR(INDEX(FORECAST!$D$12:$D$475, MATCH(1, INDEX((ISNUMBER(SEARCH($B96, FORECAST!$A$12:$A$475))) * (INT(FORECAST!$B$12:$B$475) <= AG$93) * (INT(FORECAST!$C$12:$C$475) >= AG$93), 0), 0)), "")} | AJ96: =COUNTIF(C96:AG96,"Garantizado")/31 -> 0.16129032 | AL96: =COUNTIF('PLANNING 2026'!C94:AG100,"Garantizado")/COUNTA('PLANNING 2026'!C94:AG100) -> 0.12903226
B97: URITORCO | C97: {=IFERROR(INDEX(FORECAST!$D$12:$D$475, MATCH(1, INDEX((ISNUMBER(SEARCH($B97, FORECAST!$A$12:$A$475))) * (INT(FORECAST!$B$12:$B$475) <= C$93) * (INT(FORECAST!$C$12:$C$475) >= C$93), 0), 0)), "")} | D97: {=IFERROR(INDEX(FORECAST!$D$12:$D$475, MATCH(1, INDEX((ISNUMBER(SEARCH($B97, FORECAST!$A$12:$A$475))) * (INT(FORECAST!$B$12:$B$475) <= D$93) * (INT(FORECAST!$C$12:$C$475) >= D$93), 0), 0)), "")} | E97: {=IFERROR(INDEX(FORECAST!$D$12:$D$475, MATCH(1, INDEX((ISNUMBER(SEARCH($B97, FORECAST!$A$12:$A$475))) * (INT(FORECAST!$B$12:$B$475) <= E$93) * (INT(FORECAST!$C$12:$C$475) >= E$93), 0), 0)), "")} | F97: {=IFERROR(INDEX(FORECAST!$D$12:$D$475, MATCH(1, INDEX((ISNUMBER(SEARCH($B97, FORECAST!$A$12:$A$475))) * (INT(FORECAST!$B$12:$B$475) <= F$93) * (INT(FORECAST!$C$12:$C$475) >= F$93), 0), 0)), "")} | G97: {=IFERROR(INDEX(FORECAST!$D$12:$D$475, MATCH(1, INDEX((ISNUMBER(SEARCH($B97, FORECAST!$A$12:$A$475))) * (INT(FORECAST!$B$12:$B$475) <= G$93) * (INT(FORECAST!$C$12:$C$475) >= G$93), 0), 0)), "")} | H97: {=IFERROR(INDEX(FORECAST!$D$12:$D$475, MATCH(1, INDEX((ISNUMBER(SEARCH($B97, FORECAST!$A$12:$A$475))) * (INT(FORECAST!$B$12:$B$475) <= H$93) * (INT(FORECAST!$C$12:$C$475) >= H$93), 0), 0)), "")} | I97: {=IFERROR(INDEX(FORECAST!$D$12:$D$475, MATCH(1, INDEX((ISNUMBER(SEARCH($B97, FORECAST!$A$12:$A$475))) * (INT(FORECAST!$B$12:$B$475) <= I$93) * (INT(FORECAST!$C$12:$C$475) >= I$93), 0), 0)), "")} -> Tentativo | J97: {=IFERROR(INDEX(FORECAST!$D$12:$D$475, MATCH(1, INDEX((ISNUMBER(SEARCH($B97, FORECAST!$A$12:$A$475))) * (INT(FORECAST!$B$12:$B$475) <= J$93) * (INT(FORECAST!$C$12:$C$475) >= J$93), 0), 0)), "")} | ... AG97: {=IFERROR(INDEX(FORECAST!$D$12:$D$475, MATCH(1, INDEX((ISNUMBER(SEARCH($B97, FORECAST!$A$12:$A$475))) * (INT(FORECAST!$B$12:$B$475) <= AG$93) * (INT(FORECAST!$C$12:$C$475) >= AG$93), 0), 0)), "")} | AJ97: =COUNTIF(C97:AG97,"Garantizado")/31 -> 0
B98: SUQUIA | C98: {=IFERROR(INDEX(FORECAST!$D$12:$D$475, MATCH(1, INDEX((ISNUMBER(SEARCH($B98, FORECAST!$A$12:$A$475))) * (INT(FORECAST!$B$12:$B$475) <= C$93) * (INT(FORECAST!$C$12:$C$475) >= C$93), 0), 0)), "")} | D98: {=IFERROR(INDEX(FORECAST!$D$12:$D$475, MATCH(1, INDEX((ISNUMBER(SEARCH($B98, FORECAST!$A$12:$A$475))) * (INT(FORECAST!$B$12:$B$475) <= D$93) * (INT(FORECAST!$C$12:$C$475) >= D$93), 0), 0)), "")} | E98: {=IFERROR(INDEX(FORECAST!$D$12:$D$475, MATCH(1, INDEX((ISNUMBER(SEARCH($B98, FORECAST!$A$12:$A$475))) * (INT(FORECAST!$B$12:$B$475) <= E$93) * (INT(FORECAST!$C$12:$C$475) >= E$93), 0), 0)), "")} | F98: {=IFERROR(INDEX(FORECAST!$D$12:$D$475, MATCH(1, INDEX((ISNUMBER(SEARCH($B98, FORECAST!$A$12:$A$475))) * (INT(FORECAST!$B$12:$B$475) <= F$93) * (INT(FORECAST!$C$12:$C$475) >= F$93), 0), 0)), "")} | G98: {=IFERROR(INDEX(FORECAST!$D$12:$D$475, MATCH(1, INDEX((ISNUMBER(SEARCH($B98, FORECAST!$A$12:$A$475))) * (INT(FORECAST!$B$12:$B$475) <= G$93) * (INT(FORECAST!$C$12:$C$475) >= G$93), 0), 0)), "")} | H98: {=IFERROR(INDEX(FORECAST!$D$12:$D$475, MATCH(1, INDEX((ISNUMBER(SEARCH($B98, FORECAST!$A$12:$A$475))) * (INT(FORECAST!$B$12:$B$475) <= H$93) * (INT(FORECAST!$C$12:$C$475) >= H$93), 0), 0)), "")} | I98: {=IFERROR(INDEX(FORECAST!$D$12:$D$475, MATCH(1, INDEX((ISNUMBER(SEARCH($B98, FORECAST!$A$12:$A$475))) * (INT(FORECAST!$B$12:$B$475) <= I$93) * (INT(FORECAST!$C$12:$C$475) >= I$93), 0), 0)), "")} -> Tentativo | J98: {=IFERROR(INDEX(FORECAST!$D$12:$D$475, MATCH(1, INDEX((ISNUMBER(SEARCH($B98, FORECAST!$A$12:$A$475))) * (INT(FORECAST!$B$12:$B$475) <= J$93) * (INT(FORECAST!$C$12:$C$475) >= J$93), 0), 0)), "")} | ... AG98: {=IFERROR(INDEX(FORECAST!$D$12:$D$475, MATCH(1, INDEX((ISNUMBER(SEARCH($B98, FORECAST!$A$12:$A$475))) * (INT(FORECAST!$B$12:$B$475) <= AG$93) * (INT(FORECAST!$C$12:$C$475) >= AG$93), 0), 0)), "")} | AJ98: =COUNTIF(C98:AG98,"Garantizado")/31 -> 0.032258065
B99: YACANTO | C99: {=IFERROR(INDEX(FORECAST!$D$12:$D$475, MATCH(1, INDEX((ISNUMBER(SEARCH($B99, FORECAST!$A$12:$A$475))) * (INT(FORECAST!$B$12:$B$475) <= C$93) * (INT(FORECAST!$C$12:$C$475) >= C$93), 0), 0)), "")} -> Tentativo | D99: {=IFERROR(INDEX(FORECAST!$D$12:$D$475, MATCH(1, INDEX((ISNUMBER(SEARCH($B99, FORECAST!$A$12:$A$475))) * (INT(FORECAST!$B$12:$B$475) <= D$93) * (INT(FORECAST!$C$12:$C$475) >= D$93), 0), 0)), "")} | E99: {=IFERROR(INDEX(FORECAST!$D$12:$D$475, MATCH(1, INDEX((ISNUMBER(SEARCH($B99, FORECAST!$A$12:$A$475))) * (INT(FORECAST!$B$12:$B$475) <= E$93) * (INT(FORECAST!$C$12:$C$475) >= E$93), 0), 0)), "")} | F99: {=IFERROR(INDEX(FORECAST!$D$12:$D$475, MATCH(1, INDEX((ISNUMBER(SEARCH($B99, FORECAST!$A$12:$A$475))) * (INT(FORECAST!$B$12:$B$475) <= F$93) * (INT(FORECAST!$C$12:$C$475) >= F$93), 0), 0)), "")} | G99: {=IFERROR(INDEX(FORECAST!$D$12:$D$475, MATCH(1, INDEX((ISNUMBER(SEARCH($B99, FORECAST!$A$12:$A$475))) * (INT(FORECAST!$B$12:$B$475) <= G$93) * (INT(FORECAST!$C$12:$C$475) >= G$93), 0), 0)), "")} | H99: {=IFERROR(INDEX(FORECAST!$D$12:$D$475, MATCH(1, INDEX((ISNUMBER(SEARCH($B99, FORECAST!$A$12:$A$475))) * (INT(FORECAST!$B$12:$B$475) <= H$93) * (INT(FORECAST!$C$12:$C$475) >= H$93), 0), 0)), "")} | I99: {=IFERROR(INDEX(FORECAST!$D$12:$D$475, MATCH(1, INDEX((ISNUMBER(SEARCH($B99, FORECAST!$A$12:$A$475))) * (INT(FORECAST!$B$12:$B$475) <= I$93) * (INT(FORECAST!$C$12:$C$475) >= I$93), 0), 0)), "")} -> Tentativo | J99: {=IFERROR(INDEX(FORECAST!$D$12:$D$475, MATCH(1, INDEX((ISNUMBER(SEARCH($B99, FORECAST!$A$12:$A$475))) * (INT(FORECAST!$B$12:$B$475) <= J$93) * (INT(FORECAST!$C$12:$C$475) >= J$93), 0), 0)), "")} | ... AG99: {=IFERROR(INDEX(FORECAST!$D$12:$D$475, MATCH(1, INDEX((ISNUMBER(SEARCH($B99, FORECAST!$A$12:$A$475))) * (INT(FORECAST!$B$12:$B$475) <= AG$93) * (INT(FORECAST!$C$12:$C$475) >= AG$93), 0), 0)), "")} | AJ99: =COUNTIF(C99:AG99,"Garantizado")/31 -> 0.12903226
B100: LAS SIERRAS | C100: {=IFERROR(INDEX(FORECAST!$D$12:$D$475, MATCH(1, INDEX((ISNUMBER(SEARCH($B100, FORECAST!$A$12:$A$475))) * (INT(FORECAST!$B$12:$B$475) <= C$93) * (INT(FORECAST!$C$12:$C$475) >= C$93), 0), 0)), "")} | D100: {=IFERROR(INDEX(FORECAST!$D$12:$D$475, MATCH(1, INDEX((ISNUMBER(SEARCH($B100, FORECAST!$A$12:$A$475))) * (INT(FORECAST!$B$12:$B$475) <= D$93) * (INT(FORECAST!$C$12:$C$475) >= D$93), 0), 0)), "")} | E100: {=IFERROR(INDEX(FORECAST!$D$12:$D$475, MATCH(1, INDEX((ISNUMBER(SEARCH($B100, FORECAST!$A$12:$A$475))) * (INT(FORECAST!$B$12:$B$475) <= E$93) * (INT(FORECAST!$C$12:$C$475) >= E$93), 0), 0)), "")} | F100: {=IFERROR(INDEX(FORECAST!$D$12:$D$475, MATCH(1, INDEX((ISNUMBER(SEARCH($B100, FORECAST!$A$12:$A$475))) * (INT(FORECAST!$B$12:$B$475) <= F$93) * (INT(FORECAST!$C$12:$C$475) >= F$93), 0), 0)), "")} | G100: {=IFERROR(INDEX(FORECAST!$D$12:$D$475, MATCH(1, INDEX((ISNUMBER(SEARCH($B100, FORECAST!$A$12:$A$475))) * (INT(FORECAST!$B$12:$B$475) <= G$93) * (INT(FORECAST!$C$12:$C$475) >= G$93), 0), 0)), "")} | H100: {=IFERROR(INDEX(FORECAST!$D$12:$D$475, MATCH(1, INDEX((ISNUMBER(SEARCH($B100, FORECAST!$A$12:$A$475))) * (INT(FORECAST!$B$12:$B$475) <= H$93) * (INT(FORECAST!$C$12:$C$475) >= H$93), 0), 0)), "")} | I100: {=IFERROR(INDEX(FORECAST!$D$12:$D$475, MATCH(1, INDEX((ISNUMBER(SEARCH($B100, FORECAST!$A$12:$A$475))) * (INT(FORECAST!$B$12:$B$475) <= I$93) * (INT(FORECAST!$C$12:$C$475) >= I$93), 0), 0)), "")} -> Tentativo | J100: {=IFERROR(INDEX(FORECAST!$D$12:$D$475, MATCH(1, INDEX((ISNUMBER(SEARCH($B100, FORECAST!$A$12:$A$475))) * (INT(FORECAST!$B$12:$B$475) <= J$93) * (INT(FORECAST!$C$12:$C$475) >= J$93), 0), 0)), "")} | ... AG100: {=IFERROR(INDEX(FORECAST!$D$12:$D$475, MATCH(1, INDEX((ISNUMBER(SEARCH($B100, FORECAST!$A$12:$A$475))) * (INT(FORECAST!$B$12:$B$475) <= AG$93) * (INT(FORECAST!$C$12:$C$475) >= AG$93), 0), 0)), "")} | AJ100: =COUNTIF(C100:AG100,"Garantizado")/31 -> 0.064516129
B101: SAN JAVIER | C101: {=IFERROR(INDEX(FORECAST!$D$12:$D$475, MATCH(1, INDEX((ISNUMBER(SEARCH($B101, FORECAST!$A$12:$A$475))) * (INT(FORECAST!$B$12:$B$475) <= C$93) * (INT(FORECAST!$C$12:$C$475) >= C$93), 0), 0)), "")} | D101: {=IFERROR(INDEX(FORECAST!$D$12:$D$475, MATCH(1, INDEX((ISNUMBER(SEARCH($B101, FORECAST!$A$12:$A$475))) * (INT(FORECAST!$B$12:$B$475) <= D$93) * (INT(FORECAST!$C$12:$C$475) >= D$93), 0), 0)), "")} | E101: {=IFERROR(INDEX(FORECAST!$D$12:$D$475, MATCH(1, INDEX((ISNUMBER(SEARCH($B101, FORECAST!$A$12:$A$475))) * (INT(FORECAST!$B$12:$B$475) <= E$93) * (INT(FORECAST!$C$12:$C$475) >= E$93), 0), 0)), "")} | F101: {=IFERROR(INDEX(FORECAST!$D$12:$D$475, MATCH(1, INDEX((ISNUMBER(SEARCH($B101, FORECAST!$A$12:$A$475))) * (INT(FORECAST!$B$12:$B$475) <= F$93) * (INT(FORECAST!$C$12:$C$475) >= F$93), 0), 0)), "")} | G101: {=IFERROR(INDEX(FORECAST!$D$12:$D$475, MATCH(1, INDEX((ISNUMBER(SEARCH($B101, FORECAST!$A$12:$A$475))) * (INT(FORECAST!$B$12:$B$475) <= G$93) * (INT(FORECAST!$C$12:$C$475) >= G$93), 0), 0)), "")} | H101: {=IFERROR(INDEX(FORECAST!$D$12:$D$475, MATCH(1, INDEX((ISNUMBER(SEARCH($B101, FORECAST!$A$12:$A$475))) * (INT(FORECAST!$B$12:$B$475) <= H$93) * (INT(FORECAST!$C$12:$C$475) >= H$93), 0), 0)), "")} | I101: {=IFERROR(INDEX(FORECAST!$D$12:$D$475, MATCH(1, INDEX((ISNUMBER(SEARCH($B101, FORECAST!$A$12:$A$475))) * (INT(FORECAST!$B$12:$B$475) <= I$93) * (INT(FORECAST!$C$12:$C$475) >= I$93), 0), 0)), "")} | J101: {=IFERROR(INDEX(FORECAST!$D$12:$D$475, MATCH(1, INDEX((ISNUMBER(SEARCH($B101, FORECAST!$A$12:$A$475))) * (INT(FORECAST!$B$12:$B$475) <= J$93) * (INT(FORECAST!$C$12:$C$475) >= J$93), 0), 0)), "")} | ... AG101: {=IFERROR(INDEX(FORECAST!$D$12:$D$475, MATCH(1, INDEX((ISNUMBER(SEARCH($B101, FORECAST!$A$12:$A$475))) * (INT(FORECAST!$B$12:$B$475) <= AG$93) * (INT(FORECAST!$C$12:$C$475) >= AG$93), 0), 0)), "")} | AJ101: =COUNTIF(C101:AG101,"Garantizado")/31 -> 0.096774194
C103: MA | D103: MI | E103: JU | F103: VI | G103: SA | H103: DO | I103: LU | J103: MA | K103: MI | L103: JU | M103: VI | N103: SA | O103: DO | P103: LU | Q103: MA | R103: MI | S103: JU | T103: VI | U103: SÁ. | V103: DO. | W103: LU. | X103: MA. | Y103: MI. | Z103: JU. | AA103: VI. | AB103: SÁ. | AC103: DO. | AD103: LU. | AE103: MA. | AF103: MI.
C104: 46266 | D104: 46267 | E104: 46268 | F104: 46269 | G104: 46270 | H104: 46271 | I104: 46272 | J104: 46273 | K104: 46274 | L104: 46275 | M104: 46276 | N104: 46277 | O104: 46278 | P104: 46279 | Q104: 46280 | R104: 46281 | S104: 46282 | T104: 46283 | U104: 46284 | V104: 46285 | W104: 46286 | X104: 46287 | Y104: 46288 | Z104: 46289 | AA104: 46290 | AB104: 46291 | AC104: 46292 | AD104: 46293 | AE104: 46294 | AF104: 46295 | AJ104: Ocupación
A105: SEPTIEMBRE | B105: LUGONES | C105: {=IFERROR(INDEX(FORECAST!$D$12:$D$475, MATCH(1, INDEX((ISNUMBER(SEARCH($B105, FORECAST!$A$12:$A$475))) * (INT(FORECAST!$B$12:$B$475) <= C$104) * (INT(FORECAST!$C$12:$C$475) >= C$104), 0), 0)), "")} -> Garantizado | D105: {=IFERROR(INDEX(FORECAST!$D$12:$D$475, MATCH(1, INDEX((ISNUMBER(SEARCH($B105, FORECAST!$A$12:$A$475))) * (INT(FORECAST!$B$12:$B$475) <= D$104) * (INT(FORECAST!$C$12:$C$475) >= D$104), 0), 0)), "")} -> Garantizado | E105: {=IFERROR(INDEX(FORECAST!$D$12:$D$475, MATCH(1, INDEX((ISNUMBER(SEARCH($B105, FORECAST!$A$12:$A$475))) * (INT(FORECAST!$B$12:$B$475) <= E$104) * (INT(FORECAST!$C$12:$C$475) >= E$104), 0), 0)), "")} -> Garantizado | F105: {=IFERROR(INDEX(FORECAST!$D$12:$D$475, MATCH(1, INDEX((ISNUMBER(SEARCH($B105, FORECAST!$A$12:$A$475))) * (INT(FORECAST!$B$12:$B$475) <= F$104) * (INT(FORECAST!$C$12:$C$475) >= F$104), 0), 0)), "")} -> Garantizado | G105: {=IFERROR(INDEX(FORECAST!$D$12:$D$475, MATCH(1, INDEX((ISNUMBER(SEARCH($B105, FORECAST!$A$12:$A$475))) * (INT(FORECAST!$B$12:$B$475) <= G$104) * (INT(FORECAST!$C$12:$C$475) >= G$104), 0), 0)), "")} -> Garantizado | H105: {=IFERROR(INDEX(FORECAST!$D$12:$D$475, MATCH(1, INDEX((ISNUMBER(SEARCH($B105, FORECAST!$A$12:$A$475))) * (INT(FORECAST!$B$12:$B$475) <= H$104) * (INT(FORECAST!$C$12:$C$475) >= H$104), 0), 0)), "")} -> Garantizado | I105: {=IFERROR(INDEX(FORECAST!$D$12:$D$475, MATCH(1, INDEX((ISNUMBER(SEARCH($B105, FORECAST!$A$12:$A$475))) * (INT(FORECAST!$B$12:$B$475) <= I$104) * (INT(FORECAST!$C$12:$C$475) >= I$104), 0), 0)), "")} -> Presupuesto | J105: {=IFERROR(INDEX(FORECAST!$D$12:$D$475, MATCH(1, INDEX((ISNUMBER(SEARCH($B105, FORECAST!$A$12:$A$475))) * (INT(FORECAST!$B$12:$B$475) <= J$104) * (INT(FORECAST!$C$12:$C$475) >= J$104), 0), 0)), "")} -> Presupuesto | ... AF105: {=IFERROR(INDEX(FORECAST!$D$12:$D$475, MATCH(1, INDEX((ISNUMBER(SEARCH($B105, FORECAST!$A$12:$A$475))) * (INT(FORECAST!$B$12:$B$475) <= AF$104) * (INT(FORECAST!$C$12:$C$475) >= AF$104), 0), 0)), "")} -> Presupuesto | AG105: {=IFERROR(INDEX(FORECAST!$E$12:$E$475, MATCH(1, INDEX((ISNUMBER(SEARCH($B105, FORECAST!$A$12:$A$475))) * (INT(FORECAST!$B$12:$B$475) <= AG$34) * (INT(FORECAST!$C$12:$C$475) >= AG$34), 0), 0)), "")} | AJ105: =COUNTIF(C105:AF105,"Garantizado")/30 -> 0.63333333
B106: CHAMPAQUI | C106: {=IFERROR(INDEX(FORECAST!$D$12:$D$475, MATCH(1, INDEX((ISNUMBER(SEARCH($B106, FORECAST!$A$12:$A$475))) * (INT(FORECAST!$B$12:$B$475) <= C$104) * (INT(FORECAST!$C$12:$C$475) >= C$104), 0), 0)), "")} -> Garantizado | D106: {=IFERROR(INDEX(FORECAST!$D$12:$D$475, MATCH(1, INDEX((ISNUMBER(SEARCH($B106, FORECAST!$A$12:$A$475))) * (INT(FORECAST!$B$12:$B$475) <= D$104) * (INT(FORECAST!$C$12:$C$475) >= D$104), 0), 0)), "")} -> Garantizado | E106: {=IFERROR(INDEX(FORECAST!$D$12:$D$475, MATCH(1, INDEX((ISNUMBER(SEARCH($B106, FORECAST!$A$12:$A$475))) * (INT(FORECAST!$B$12:$B$475) <= E$104) * (INT(FORECAST!$C$12:$C$475) >= E$104), 0), 0)), "")} -> Garantizado | F106: {=IFERROR(INDEX(FORECAST!$D$12:$D$475, MATCH(1, INDEX((ISNUMBER(SEARCH($B106, FORECAST!$A$12:$A$475))) * (INT(FORECAST!$B$12:$B$475) <= F$104) * (INT(FORECAST!$C$12:$C$475) >= F$104), 0), 0)), "")} -> Garantizado | G106: {=IFERROR(INDEX(FORECAST!$D$12:$D$475, MATCH(1, INDEX((ISNUMBER(SEARCH($B106, FORECAST!$A$12:$A$475))) * (INT(FORECAST!$B$12:$B$475) <= G$104) * (INT(FORECAST!$C$12:$C$475) >= G$104), 0), 0)), "")} -> Garantizado | H106: {=IFERROR(INDEX(FORECAST!$D$12:$D$475, MATCH(1, INDEX((ISNUMBER(SEARCH($B106, FORECAST!$A$12:$A$475))) * (INT(FORECAST!$B$12:$B$475) <= H$104) * (INT(FORECAST!$C$12:$C$475) >= H$104), 0), 0)), "")} -> Garantizado | I106: {=IFERROR(INDEX(FORECAST!$D$12:$D$475, MATCH(1, INDEX((ISNUMBER(SEARCH($B106, FORECAST!$A$12:$A$475))) * (INT(FORECAST!$B$12:$B$475) <= I$104) * (INT(FORECAST!$C$12:$C$475) >= I$104), 0), 0)), "")} | J106: {=IFERROR(INDEX(FORECAST!$D$12:$D$475, MATCH(1, INDEX((ISNUMBER(SEARCH($B106, FORECAST!$A$12:$A$475))) * (INT(FORECAST!$B$12:$B$475) <= J$104) * (INT(FORECAST!$C$12:$C$475) >= J$104), 0), 0)), "")} | ... AF106: {=IFERROR(INDEX(FORECAST!$D$12:$D$475, MATCH(1, INDEX((ISNUMBER(SEARCH($B106, FORECAST!$A$12:$A$475))) * (INT(FORECAST!$B$12:$B$475) <= AF$104) * (INT(FORECAST!$C$12:$C$475) >= AF$104), 0), 0)), "")} -> Presupuesto | AJ106: =COUNTIF(C106:AF106,"Garantizado")/30 -> 0.63333333
B107: TERRAZA | C107: {=IFERROR(INDEX(FORECAST!$D$12:$D$475, MATCH(1, INDEX((ISNUMBER(SEARCH($B107, FORECAST!$A$12:$A$475))) * (INT(FORECAST!$B$12:$B$475) <= C$104) * (INT(FORECAST!$C$12:$C$475) >= C$104), 0), 0)), "")} -> Garantizado | D107: {=IFERROR(INDEX(FORECAST!$D$12:$D$475, MATCH(1, INDEX((ISNUMBER(SEARCH($B107, FORECAST!$A$12:$A$475))) * (INT(FORECAST!$B$12:$B$475) <= D$104) * (INT(FORECAST!$C$12:$C$475) >= D$104), 0), 0)), "")} -> Garantizado | E107: {=IFERROR(INDEX(FORECAST!$D$12:$D$475, MATCH(1, INDEX((ISNUMBER(SEARCH($B107, FORECAST!$A$12:$A$475))) * (INT(FORECAST!$B$12:$B$475) <= E$104) * (INT(FORECAST!$C$12:$C$475) >= E$104), 0), 0)), "")} -> Garantizado | F107: {=IFERROR(INDEX(FORECAST!$D$12:$D$475, MATCH(1, INDEX((ISNUMBER(SEARCH($B107, FORECAST!$A$12:$A$475))) * (INT(FORECAST!$B$12:$B$475) <= F$104) * (INT(FORECAST!$C$12:$C$475) >= F$104), 0), 0)), "")} | G107: {=IFERROR(INDEX(FORECAST!$D$12:$D$475, MATCH(1, INDEX((ISNUMBER(SEARCH($B107, FORECAST!$A$12:$A$475))) * (INT(FORECAST!$B$12:$B$475) <= G$104) * (INT(FORECAST!$C$12:$C$475) >= G$104), 0), 0)), "")} | H107: {=IFERROR(INDEX(FORECAST!$D$12:$D$475, MATCH(1, INDEX((ISNUMBER(SEARCH($B107, FORECAST!$A$12:$A$475))) * (INT(FORECAST!$B$12:$B$475) <= H$104) * (INT(FORECAST!$C$12:$C$475) >= H$104), 0), 0)), "")} | I107: {=IFERROR(INDEX(FORECAST!$D$12:$D$475, MATCH(1, INDEX((ISNUMBER(SEARCH($B107, FORECAST!$A$12:$A$475))) * (INT(FORECAST!$B$12:$B$475) <= I$104) * (INT(FORECAST!$C$12:$C$475) >= I$104), 0), 0)), "")} | J107: {=IFERROR(INDEX(FORECAST!$D$12:$D$475, MATCH(1, INDEX((ISNUMBER(SEARCH($B107, FORECAST!$A$12:$A$475))) * (INT(FORECAST!$B$12:$B$475) <= J$104) * (INT(FORECAST!$C$12:$C$475) >= J$104), 0), 0)), "")} | ... AF107: {=IFERROR(INDEX(FORECAST!$D$12:$D$475, MATCH(1, INDEX((ISNUMBER(SEARCH($B107, FORECAST!$A$12:$A$475))) * (INT(FORECAST!$B$12:$B$475) <= AF$104) * (INT(FORECAST!$C$12:$C$475) >= AF$104), 0), 0)), "")} | AG107: {=IFERROR(INDEX(FORECAST!$E$12:$E$475, MATCH(1, INDEX((ISNUMBER(SEARCH($B107, FORECAST!$A$12:$A$475))) * (INT(FORECAST!$B$12:$B$475) <= AG$34) * (INT(FORECAST!$C$12:$C$475) >= AG$34), 0), 0)), "")} | AJ107: =COUNTIF(C107:AF107,"Garantizado")/30 -> 0.46666667 | AL107: Ocupación Mensual Total
B108: URITORCO | C108: {=IFERROR(INDEX(FORECAST!$D$12:$D$475, MATCH(1, INDEX((ISNUMBER(SEARCH($B108, FORECAST!$A$12:$A$475))) * (INT(FORECAST!$B$12:$B$475) <= C$104) * (INT(FORECAST!$C$12:$C$475) >= C$104), 0), 0)), "")} -> Garantizado | D108: {=IFERROR(INDEX(FORECAST!$D$12:$D$475, MATCH(1, INDEX((ISNUMBER(SEARCH($B108, FORECAST!$A$12:$A$475))) * (INT(FORECAST!$B$12:$B$475) <= D$104) * (INT(FORECAST!$C$12:$C$475) >= D$104), 0), 0)), "")} -> Garantizado | E108: {=IFERROR(INDEX(FORECAST!$D$12:$D$475, MATCH(1, INDEX((ISNUMBER(SEARCH($B108, FORECAST!$A$12:$A$475))) * (INT(FORECAST!$B$12:$B$475) <= E$104) * (INT(FORECAST!$C$12:$C$475) >= E$104), 0), 0)), "")} -> Garantizado | F108: {=IFERROR(INDEX(FORECAST!$D$12:$D$475, MATCH(1, INDEX((ISNUMBER(SEARCH($B108, FORECAST!$A$12:$A$475))) * (INT(FORECAST!$B$12:$B$475) <= F$104) * (INT(FORECAST!$C$12:$C$475) >= F$104), 0), 0)), "")} -> Garantizado | G108: {=IFERROR(INDEX(FORECAST!$D$12:$D$475, MATCH(1, INDEX((ISNUMBER(SEARCH($B108, FORECAST!$A$12:$A$475))) * (INT(FORECAST!$B$12:$B$475) <= G$104) * (INT(FORECAST!$C$12:$C$475) >= G$104), 0), 0)), "")} -> Garantizado | H108: {=IFERROR(INDEX(FORECAST!$D$12:$D$475, MATCH(1, INDEX((ISNUMBER(SEARCH($B108, FORECAST!$A$12:$A$475))) * (INT(FORECAST!$B$12:$B$475) <= H$104) * (INT(FORECAST!$C$12:$C$475) >= H$104), 0), 0)), "")} -> Garantizado | I108: {=IFERROR(INDEX(FORECAST!$D$12:$D$475, MATCH(1, INDEX((ISNUMBER(SEARCH($B108, FORECAST!$A$12:$A$475))) * (INT(FORECAST!$B$12:$B$475) <= I$104) * (INT(FORECAST!$C$12:$C$475) >= I$104), 0), 0)), "")} | J108: {=IFERROR(INDEX(FORECAST!$D$12:$D$475, MATCH(1, INDEX((ISNUMBER(SEARCH($B108, FORECAST!$A$12:$A$475))) * (INT(FORECAST!$B$12:$B$475) <= J$104) * (INT(FORECAST!$C$12:$C$475) >= J$104), 0), 0)), "")} | ... AF108: {=IFERROR(INDEX(FORECAST!$D$12:$D$475, MATCH(1, INDEX((ISNUMBER(SEARCH($B108, FORECAST!$A$12:$A$475))) * (INT(FORECAST!$B$12:$B$475) <= AF$104) * (INT(FORECAST!$C$12:$C$475) >= AF$104), 0), 0)), "")} | AG108: {=IFERROR(INDEX(FORECAST!$E$12:$E$475, MATCH(1, INDEX((ISNUMBER(SEARCH($B108, FORECAST!$A$12:$A$475))) * (INT(FORECAST!$B$12:$B$475) <= AG$34) * (INT(FORECAST!$C$12:$C$475) >= AG$34), 0), 0)), "")} | AJ108: =COUNTIF(C108:AF108,"Garantizado")/30 -> 0.56666667 | AL108: =COUNTIF('PLANNING 2026'!C105:AF111,"Garantizado")/COUNTA('PLANNING 2026'!C105:AF111) -> 0.47142857
B109: SUQUIA | C109: {=IFERROR(INDEX(FORECAST!$D$12:$D$475, MATCH(1, INDEX((ISNUMBER(SEARCH($B109, FORECAST!$A$12:$A$475))) * (INT(FORECAST!$B$12:$B$475) <= C$104) * (INT(FORECAST!$C$12:$C$475) >= C$104), 0), 0)), "")} -> Garantizado | D109: {=IFERROR(INDEX(FORECAST!$D$12:$D$475, MATCH(1, INDEX((ISNUMBER(SEARCH($B109, FORECAST!$A$12:$A$475))) * (INT(FORECAST!$B$12:$B$475) <= D$104) * (INT(FORECAST!$C$12:$C$475) >= D$104), 0), 0)), "")} -> Garantizado | E109: {=IFERROR(INDEX(FORECAST!$D$12:$D$475, MATCH(1, INDEX((ISNUMBER(SEARCH($B109, FORECAST!$A$12:$A$475))) * (INT(FORECAST!$B$12:$B$475) <= E$104) * (INT(FORECAST!$C$12:$C$475) >= E$104), 0), 0)), "")} -> Garantizado | F109: {=IFERROR(INDEX(FORECAST!$D$12:$D$475, MATCH(1, INDEX((ISNUMBER(SEARCH($B109, FORECAST!$A$12:$A$475))) * (INT(FORECAST!$B$12:$B$475) <= F$104) * (INT(FORECAST!$C$12:$C$475) >= F$104), 0), 0)), "")} -> Garantizado | G109: {=IFERROR(INDEX(FORECAST!$D$12:$D$475, MATCH(1, INDEX((ISNUMBER(SEARCH($B109, FORECAST!$A$12:$A$475))) * (INT(FORECAST!$B$12:$B$475) <= G$104) * (INT(FORECAST!$C$12:$C$475) >= G$104), 0), 0)), "")} -> Garantizado | H109: {=IFERROR(INDEX(FORECAST!$D$12:$D$475, MATCH(1, INDEX((ISNUMBER(SEARCH($B109, FORECAST!$A$12:$A$475))) * (INT(FORECAST!$B$12:$B$475) <= H$104) * (INT(FORECAST!$C$12:$C$475) >= H$104), 0), 0)), "")} -> Garantizado | I109: {=IFERROR(INDEX(FORECAST!$D$12:$D$475, MATCH(1, INDEX((ISNUMBER(SEARCH($B109, FORECAST!$A$12:$A$475))) * (INT(FORECAST!$B$12:$B$475) <= I$104) * (INT(FORECAST!$C$12:$C$475) >= I$104), 0), 0)), "")} | J109: {=IFERROR(INDEX(FORECAST!$D$12:$D$475, MATCH(1, INDEX((ISNUMBER(SEARCH($B109, FORECAST!$A$12:$A$475))) * (INT(FORECAST!$B$12:$B$475) <= J$104) * (INT(FORECAST!$C$12:$C$475) >= J$104), 0), 0)), "")} | ... AF109: {=IFERROR(INDEX(FORECAST!$D$12:$D$475, MATCH(1, INDEX((ISNUMBER(SEARCH($B109, FORECAST!$A$12:$A$475))) * (INT(FORECAST!$B$12:$B$475) <= AF$104) * (INT(FORECAST!$C$12:$C$475) >= AF$104), 0), 0)), "")} | AG109: {=IFERROR(INDEX(FORECAST!$E$12:$E$475, MATCH(1, INDEX((ISNUMBER(SEARCH($B109, FORECAST!$A$12:$A$475))) * (INT(FORECAST!$B$12:$B$475) <= AG$34) * (INT(FORECAST!$C$12:$C$475) >= AG$34), 0), 0)), "")} | AJ109: =COUNTIF(C109:AF109,"Garantizado")/30 -> 0.46666667
B110: YACANTO | C110: {=IFERROR(INDEX(FORECAST!$D$12:$D$475, MATCH(1, INDEX((ISNUMBER(SEARCH($B110, FORECAST!$A$12:$A$475))) * (INT(FORECAST!$B$12:$B$475) <= C$104) * (INT(FORECAST!$C$12:$C$475) >= C$104), 0), 0)), "")} | D110: {=IFERROR(INDEX(FORECAST!$D$12:$D$475, MATCH(1, INDEX((ISNUMBER(SEARCH($B110, FORECAST!$A$12:$A$475))) * (INT(FORECAST!$B$12:$B$475) <= D$104) * (INT(FORECAST!$C$12:$C$475) >= D$104), 0), 0)), "")} | E110: {=IFERROR(INDEX(FORECAST!$D$12:$D$475, MATCH(1, INDEX((ISNUMBER(SEARCH($B110, FORECAST!$A$12:$A$475))) * (INT(FORECAST!$B$12:$B$475) <= E$104) * (INT(FORECAST!$C$12:$C$475) >= E$104), 0), 0)), "")} | F110: {=IFERROR(INDEX(FORECAST!$D$12:$D$475, MATCH(1, INDEX((ISNUMBER(SEARCH($B110, FORECAST!$A$12:$A$475))) * (INT(FORECAST!$B$12:$B$475) <= F$104) * (INT(FORECAST!$C$12:$C$475) >= F$104), 0), 0)), "")} | G110: {=IFERROR(INDEX(FORECAST!$D$12:$D$475, MATCH(1, INDEX((ISNUMBER(SEARCH($B110, FORECAST!$A$12:$A$475))) * (INT(FORECAST!$B$12:$B$475) <= G$104) * (INT(FORECAST!$C$12:$C$475) >= G$104), 0), 0)), "")} | H110: {=IFERROR(INDEX(FORECAST!$D$12:$D$475, MATCH(1, INDEX((ISNUMBER(SEARCH($B110, FORECAST!$A$12:$A$475))) * (INT(FORECAST!$B$12:$B$475) <= H$104) * (INT(FORECAST!$C$12:$C$475) >= H$104), 0), 0)), "")} | I110: {=IFERROR(INDEX(FORECAST!$D$12:$D$475, MATCH(1, INDEX((ISNUMBER(SEARCH($B110, FORECAST!$A$12:$A$475))) * (INT(FORECAST!$B$12:$B$475) <= I$104) * (INT(FORECAST!$C$12:$C$475) >= I$104), 0), 0)), "")} | J110: {=IFERROR(INDEX(FORECAST!$D$12:$D$475, MATCH(1, INDEX((ISNUMBER(SEARCH($B110, FORECAST!$A$12:$A$475))) * (INT(FORECAST!$B$12:$B$475) <= J$104) * (INT(FORECAST!$C$12:$C$475) >= J$104), 0), 0)), "")} | ... AF110: {=IFERROR(INDEX(FORECAST!$D$12:$D$475, MATCH(1, INDEX((ISNUMBER(SEARCH($B110, FORECAST!$A$12:$A$475))) * (INT(FORECAST!$B$12:$B$475) <= AF$104) * (INT(FORECAST!$C$12:$C$475) >= AF$104), 0), 0)), "")} | AG110: {=IFERROR(INDEX(FORECAST!$E$12:$E$475, MATCH(1, INDEX((ISNUMBER(SEARCH($B110, FORECAST!$A$12:$A$475))) * (INT(FORECAST!$B$12:$B$475) <= AG$34) * (INT(FORECAST!$C$12:$C$475) >= AG$34), 0), 0)), "")} -> CAPACITACIÓN + WORKSHOP ROLSOL | AJ110: =COUNTIF(C110:AF110,"Garantizado")/30 -> 0.26666667
B111: LAS SIERRAS | C111: {=IFERROR(INDEX(FORECAST!$D$12:$D$475, MATCH(1, INDEX((ISNUMBER(SEARCH($B111, FORECAST!$A$12:$A$475))) * (INT(FORECAST!$B$12:$B$475) <= C$104) * (INT(FORECAST!$C$12:$C$475) >= C$104), 0), 0)), "")} | D111: {=IFERROR(INDEX(FORECAST!$D$12:$D$475, MATCH(1, INDEX((ISNUMBER(SEARCH($B111, FORECAST!$A$12:$A$475))) * (INT(FORECAST!$B$12:$B$475) <= D$104) * (INT(FORECAST!$C$12:$C$475) >= D$104), 0), 0)), "")} | E111: {=IFERROR(INDEX(FORECAST!$D$12:$D$475, MATCH(1, INDEX((ISNUMBER(SEARCH($B111, FORECAST!$A$12:$A$475))) * (INT(FORECAST!$B$12:$B$475) <= E$104) * (INT(FORECAST!$C$12:$C$475) >= E$104), 0), 0)), "")} | F111: {=IFERROR(INDEX(FORECAST!$D$12:$D$475, MATCH(1, INDEX((ISNUMBER(SEARCH($B111, FORECAST!$A$12:$A$475))) * (INT(FORECAST!$B$12:$B$475) <= F$104) * (INT(FORECAST!$C$12:$C$475) >= F$104), 0), 0)), "")} | G111: {=IFERROR(INDEX(FORECAST!$D$12:$D$475, MATCH(1, INDEX((ISNUMBER(SEARCH($B111, FORECAST!$A$12:$A$475))) * (INT(FORECAST!$B$12:$B$475) <= G$104) * (INT(FORECAST!$C$12:$C$475) >= G$104), 0), 0)), "")} | H111: {=IFERROR(INDEX(FORECAST!$D$12:$D$475, MATCH(1, INDEX((ISNUMBER(SEARCH($B111, FORECAST!$A$12:$A$475))) * (INT(FORECAST!$B$12:$B$475) <= H$104) * (INT(FORECAST!$C$12:$C$475) >= H$104), 0), 0)), "")} | I111: {=IFERROR(INDEX(FORECAST!$D$12:$D$475, MATCH(1, INDEX((ISNUMBER(SEARCH($B111, FORECAST!$A$12:$A$475))) * (INT(FORECAST!$B$12:$B$475) <= I$104) * (INT(FORECAST!$C$12:$C$475) >= I$104), 0), 0)), "")} | J111: {=IFERROR(INDEX(FORECAST!$D$12:$D$475, MATCH(1, INDEX((ISNUMBER(SEARCH($B111, FORECAST!$A$12:$A$475))) * (INT(FORECAST!$B$12:$B$475) <= J$104) * (INT(FORECAST!$C$12:$C$475) >= J$104), 0), 0)), "")} | ... AF111: {=IFERROR(INDEX(FORECAST!$D$12:$D$475, MATCH(1, INDEX((ISNUMBER(SEARCH($B111, FORECAST!$A$12:$A$475))) * (INT(FORECAST!$B$12:$B$475) <= AF$104) * (INT(FORECAST!$C$12:$C$475) >= AF$104), 0), 0)), "")} -> Tentativo | AG111: {=IFERROR(INDEX(FORECAST!$E$12:$E$475, MATCH(1, INDEX((ISNUMBER(SEARCH($B111, FORECAST!$A$12:$A$475))) * (INT(FORECAST!$B$12:$B$475) <= AG$34) * (INT(FORECAST!$C$12:$C$475) >= AG$34), 0), 0)), "")} | AJ111: =COUNTIF(C111:AF111,"Garantizado")/30 -> 0.26666667
...

Sheet ROOM RENTAL PROYECTADO
B2: MES | C2: TOTAL ROOM RENTAL RACK | D2: ROOM RENTAL PROYECTADO | E2: PORCENTAJE VENDIDO (Sobre total Rack) | F2: PORCENTAJE OCUPADO | G2: REVPAR
B3: ENERO | C3: 587450 | D3: =SUMIFS(FORECAST!G3:G71,FORECAST!B3:B71, ">="&"01/01/2026",FORECAST!B3:B71, "<="&"31/01/2026") -> 0 | E3: =D3/C3 -> 0 | F3: =COUNTIF('PLANNING 2026'!C13:AG19,"Garantizado")/COUNTA('PLANNING 2026'!C13:AG19) -> 0.069124424 | G3: 0
B4: FEBRERO | C4: 530600 | D4: =SUMIFS(FORECAST!G4:G72,FORECAST!B4:B72, ">="&"01/02/2026",FORECAST!B4:B72, "<="&"28/02/2026") -> 963 | E4: =D4/C4 -> 0.0018149265 | F4: =COUNTIF('PLANNING 2026'!C24:AD30,"Garantizado")/COUNTA('PLANNING 2026'!C24:AD30) -> 0.12244898 | G4: =D4/(7*28) -> 4.9132653
B5: MARZO | C5: 587450 | D5: =SUMIFS(FORECAST!G5:G493,FORECAST!B5:B493, ">="&"01/03/2026",FORECAST!B5:B493, "<="&"31/03/2026") -> 54348 | E5: =D5/C5 -> 0.092515108 | F5: =COUNTIF('PLANNING 2026'!C35:AG41,"Garantizado")/COUNTA('PLANNING 2026'!C35:AG41) -> 0.38709677 | G5: =D5/(7*31) -> 250.45161
B6: ABRIL | C6: 568500 | D6: =SUMIFS(FORECAST!G6:G293,FORECAST!B6:B293, ">="&"01/04/2026",FORECAST!B6:B293, "<="&"30/04/2026") -> 59975 | E6: =D6/C6 -> 0.10549692 | F6: =COUNTIF('PLANNING 2026'!C33:AF53,"Garantizado")/COUNTA('PLANNING 2026'!C33:AF53) -> 0.26748252 | G6: =D6/(7*30) -> 285.59524
B7: MAYO | C7: 587450 | D7: =SUMIFS(FORECAST!G7:G593,FORECAST!B7:B593, ">="&"01/05/2026",FORECAST!B7:B593, "<="&"30/05/2026") -> 101000 | E7: =D7/C7 -> 0.17192953 | F7: =COUNTIF('PLANNING 2026'!C58:AG64,"Garantizado")/COUNTA('PLANNING 2026'!C58:AG64) -> 0.22580645 | G7: =D7/(7*31) -> 465.43779
B8: JUNIO | C8: 568500 | D8: =SUMIFS(FORECAST!G8:G593,FORECAST!B8:B593, ">="&"01/06/2026",FORECAST!B8:B593, "<="&"30/06/2026") -> 72740 | E8: =D8/C8 -> 0.12795075 | F8: =COUNTIF('PLANNING 2026'!C70:AF76,"Garantizado")/COUNTA('PLANNING 2026'!C70:AF76) -> 0.2047619 | G8: =D8/(7*30) -> 346.38095
B9: JULIO | C9: 587450 | D9: =SUMIFS(FORECAST!G9:G593,FORECAST!B9:B593, ">="&"01/07/2026",FORECAST!B9:B593, "<="&"30/07/2026") -> 3000 | E9: =D9/C9 -> 0.0051068176 | F9: =COUNTIF('PLANNING 2026'!C82:AG88,"Garantizado")/COUNTA('PLANNING 2026'!C82:AG88) -> 0.013824885 | G9: =D9/(7*31) -> 13.824885
B10: AGOSTO | C10: 587450 | D10: =SUMIFS(FORECAST!G9:G593,FORECAST!B9:B593, ">="&"01/08/2026",FORECAST!B9:B593, "<="&"30/08/2026") -> 18000 | E10: =D10/C10 -> 0.030640906 | F10: =COUNTIF('PLANNING 2026'!C90:AG100,"Garantizado")/COUNTA('PLANNING 2026'!C90:AG100) -> 0.09929078 | G10: =D10/(7*31) -> 82.949309
B11: SEPTIEMBRE | C11: 568500 | D11: =SUMIFS(FORECAST!G10:G601,FORECAST!B10:B601, ">="&"01/09/2026",FORECAST!B10:B601, "<="&"30/09/2026") -> 129000 | E11: =D11/C11 -> 0.22691293 | F11: =COUNTIF('PLANNING 2026'!C105:AF111,"Garantizado")/COUNTA('PLANNING 2026'!C105:AF111) -> 0.47142857 | G11: =D11/(7*30) -> 614.28571
B12: OCTUBRE | C12: 587450 | D12: =SUMIFS(FORECAST!G10:G295,FORECAST!B10:B295, ">="&"01/10/2026",FORECAST!B10:B295, "<="&"31/10/2026") -> 84680 | E12: =D12/C12 -> 0.14414844 | F12: =COUNTIF('PLANNING 2026'!C117:AG123,"Garantizado")/COUNTA('PLANNING 2026'!C117:AG123) -> 0.19354839 | G12: =D12/(7*31) -> 390.23041
B13: NOVIEMBRE | C13: 568500 | D13: =SUMIFS(FORECAST!G11:G194,FORECAST!B11:B194, ">="&"01/11/2026",FORECAST!B11:B194, "<="&"30/11/2026") -> 0 | E13: =D13/C13 -> 0 | F13: =COUNTIF('PLANNING 2026'!C129:AF135,"Garantizado")/COUNTA('PLANNING 2026'!C129:AF135) -> 0.15714286 | G13: =D13/(7*30) -> 0
B14: DICIEMBRE | C14: 587450 | D14: =SUMIFS(FORECAST!G12:G146,FORECAST!B12:B146, ">="&"01/12/2026",FORECAST!B12:B146, "<="&"30/12/2026") -> 0 | E14: =D14/C14 -> 0 | F14: =COUNTIF('PLANNING 2026'!C141:AF147,"Garantizado")/COUNTA('PLANNING 2026'!C141:AF147) -> 0.0095238095 | G14: =D14/(7*30) -> 0
B15: TOTAL | C15: =SUM(C4:C13) -> 5741850 | D15: =SUM(D4:D14) -> 523706 | E15: =D15/C15 -> 0.091208583 | F15: =AVERAGE(F3:F14) -> 0.18512336 | G15: =D15/(7*365) -> 204.97299

Sheet % de Ocupación x Salón Anual
D3: DIAS OCUPADO | E3: %
C4: LUGONES | D4: =COUNTIF('PLANNING 2026'!C24:AD24, "Garantizado")+COUNTIF('PLANNING 2026'!C35:AG35, "Garantizado")+COUNTIF('PLANNING 2026'!C47:AF47, "Garantizado")+COUNTIF('PLANNING 2026'!C58:AG58,"Garantizado")+COUNTIF('PLANNING 2026'!C70:AF70,"Garantizado")+COUNTIF('PLANNING 2026'!C82:AG82,"Garantizado")+COUNTIF('PLANNING 2026'!C94:AG94,"Garantizado")+COUNTIF('PLANNING 2026'!C105:AF105,"Garantizado")+COUNTIF('PLANNING 2026'!C117:AG117,"Garantizado")+COUNTIF('PLANNING 2026'!C129:AF129,"Garantizado") -> 101 | E4: =D4/365 -> 0.27671233
C5: CHAMPAQUI | D5: =COUNTIF('PLANNING 2026'!C25:AD25, "Garantizado")+COUNTIF('PLANNING 2026'!C36:AG36, "Garantizado")+COUNTIF('PLANNING 2026'!C48:AF48, "Garantizado")+COUNTIF('PLANNING 2026'!C59:AG59,"Garantizado")+COUNTIF('PLANNING 2026'!C71:AF71,"Garantizado")+COUNTIF('PLANNING 2026'!C83:AG83,"Garantizado")+COUNTIF('PLANNING 2026'!C95:AG95,"Garantizado")+COUNTIF('PLANNING 2026'!C106:AF106,"Garantizado")+COUNTIF('PLANNING 2026'!C118:AG118,"Garantizado")+COUNTIF('PLANNING 2026'!C130:AF130,"Garantizado") -> 84 | E5: =D5/365 -> 0.23013699
C6: TERRAZA | D6: =COUNTIF('PLANNING 2026'!C26:AD26, "Garantizado")+COUNTIF('PLANNING 2026'!C37:AG37, "Garantizado")+COUNTIF('PLANNING 2026'!C49:AF49, "Garantizado")+COUNTIF('PLANNING 2026'!C60:AG60,"Garantizado")+COUNTIF('PLANNING 2026'!C72:AF72,"Garantizado")+COUNTIF('PLANNING 2026'!C84:AG84,"Garantizado")+COUNTIF('PLANNING 2026'!C96:AG96,"Garantizado")+COUNTIF('PLANNING 2026'!C107:AF107,"Garantizado")+COUNTIF('PLANNING 2026'!C119:AG119,"Garantizado")+COUNTIF('PLANNING 2026'!C131:AF131,"Garantizado") -> 62 | E6: =D6/365 -> 0.16986301
C7: URITORCO | D7: =COUNTIF('PLANNING 2026'!C27:AD27, "Garantizado")+COUNTIF('PLANNING 2026'!C38:AG38, "Garantizado")+COUNTIF('PLANNING 2026'!C50:AF50, "Garantizado")+COUNTIF('PLANNING 2026'!C61:AG61,"Garantizado")+COUNTIF('PLANNING 2026'!C73:AF73,"Garantizado")+COUNTIF('PLANNING 2026'!C85:AG85,"Garantizado")+COUNTIF('PLANNING 2026'!C97:AG97,"Garantizado")+COUNTIF('PLANNING 2026'!C108:AF108,"Garantizado")+COUNTIF('PLANNING 2026'!C120:AG120,"Garantizado")+COUNTIF('PLANNING 2026'!C132:AF132,"Garantizado") -> 67 | E7: =D7/365 -> 0.18356164
C8: SUQUIA | D8: =COUNTIF('PLANNING 2026'!C28:AD28, "Garantizado")+COUNTIF('PLANNING 2026'!C39:AG39, "Garantizado")+COUNTIF('PLANNING 2026'!C51:AF51, "Garantizado")+COUNTIF('PLANNING 2026'!C62:AG62,"Garantizado")+COUNTIF('PLANNING 2026'!C74:AF74,"Garantizado")+COUNTIF('PLANNING 2026'!C86:AG86,"Garantizado")+COUNTIF('PLANNING 2026'!C98:AG98,"Garantizado")+COUNTIF('PLANNING 2026'!C109:AF109,"Garantizado")+COUNTIF('PLANNING 2026'!C121:AG121,"Garantizado")+COUNTIF('PLANNING 2026'!C133:AF133,"Garantizado") -> 58 | E8: =D8/365 -> 0.15890411
C9: YACANTO | D9: =COUNTIF('PLANNING 2026'!C29:AD29, "Garantizado")+COUNTIF('PLANNING 2026'!C40:AG40, "Garantizado")+COUNTIF('PLANNING 2026'!C52:AF52, "Garantizado")+COUNTIF('PLANNING 2026'!C63:AG63,"Garantizado")+COUNTIF('PLANNING 2026'!C75:AF75,"Garantizado")+COUNTIF('PLANNING 2026'!C87:AG87,"Garantizado")+COUNTIF('PLANNING 2026'!C99:AG99,"Garantizado")+COUNTIF('PLANNING 2026'!C110:AF110,"Garantizado")+COUNTIF('PLANNING 2026'!C122:AG122,"Garantizado")+COUNTIF('PLANNING 2026'!C134:AF134,"Garantizado") -> 50 | E9: =D9/365 -> 0.1369863
C10: LAS SIERRAS | D10: =COUNTIF('PLANNING 2026'!C30:AD30, "Garantizado")+COUNTIF('PLANNING 2026'!C41:AG41, "Garantizado")+COUNTIF('PLANNING 2026'!C53:AF53, "Garantizado")+COUNTIF('PLANNING 2026'!C64:AG64,"Garantizado")+COUNTIF('PLANNING 2026'!C76:AF76,"Garantizado")+COUNTIF('PLANNING 2026'!C88:AG88,"Garantizado")+COUNTIF('PLANNING 2026'!C100:AG100,"Garantizado")+COUNTIF('PLANNING 2026'!C111:AF111,"Garantizado")+COUNTIF('PLANNING 2026'!C123:AG123,"Garantizado")+COUNTIF('PLANNING 2026'!C135:AF135,"Garantizado") -> 42 | E10: =D10/365 -> 0.11506849
